{
  "preset_info": {
    "version": 10,
    "title": "cuar_date",
    "description": "cuar date weather",
    "author": "edwin macalopu",
    "email": "khiwendz@gmail.com",
    "width": 762,
    "height": 679,
    "xscreens": 4,
    "features": "WEATHER",
    "release": 320626309,
    "locked": false
  },
  "preset_root": {
    "internal_events": [
      {
        "action": "DISABLED"
      }
    ],
    "internal_type": "RootLayerModule",
    "globals_list": {
      "wid": {
        "index": 1,
        "type": "SWITCH",
        "title": "wid",
        "value": 1
      }
    },
    "viewgroup_items": [
      {
        "internal_type": "OverlapLayerModule",
        "internal_toggles": {
          "config_visible": 10
        },
        "internal_formulas": {
          "config_visible": "$if(gv(wid) \u003d 1, ALWAYS, NEVER)$"
        },
        "internal_events": [
          {
            "action": "SWITCH_GLOBAL",
            "switch": "wid"
          }
        ],
        "viewgroup_items": [
          {
            "internal_type": "ShapeModule",
            "shape_type": "RECT",
            "shape_width": 340.0,
            "shape_height": 360.0,
            "paint_style": "STROKE",
            "paint_stroke": 5.0
          },
          {
            "internal_type": "ShapeModule",
            "position_padding_top": 350.0,
            "position_padding_bottom": 0.0,
            "shape_type": "RECT",
            "shape_width": 180.0,
            "shape_height": 80.0,
            "paint_mode": "CLEAR"
          },
          {
            "internal_type": "ShapeModule",
            "position_padding_top": 350.0,
            "position_padding_bottom": 0.0,
            "shape_type": "RECT",
            "shape_width": 140.0,
            "shape_height": 60.0,
            "shape_corners": 0.0,
            "paint_style": "STROKE",
            "paint_stroke": 3.0
          },
          {
            "internal_type": "TextModule",
            "text_expression": "$df(EEE)$",
            "text_size": 140.0,
            "text_family": "kfile://org.kustom.provider/fonts/Epicenter-Disco.ttf"
          },
          {
            "internal_type": "TextModule",
            "position_padding_top": 350.0,
            "text_size": 30.0,
            "text_family": "kfile://org.kustom.provider/fonts/Homestead-Display.ttf"
          },
          {
            "internal_type": "ShapeModule",
            "position_padding_top": 0.0,
            "position_padding_bottom": 350.0,
            "shape_type": "RECT",
            "shape_width": 180.0,
            "shape_height": 80.0,
            "paint_mode": "CLEAR"
          },
          {
            "internal_type": "ShapeModule",
            "position_padding_left": 50.0,
            "position_padding_bottom": 350.0,
            "shape_type": "CIRCLE",
            "shape_width": 20.0
          },
          {
            "internal_type": "ShapeModule",
            "position_padding_left": 0.0,
            "position_padding_bottom": 350.0,
            "shape_type": "CIRCLE",
            "shape_width": 20.0,
            "position_padding_right": 50.0
          }
        ]
      },
      {
        "internal_type": "OverlapLayerModule",
        "internal_toggles": {
          "config_visible": 10
        },
        "internal_formulas": {
          "config_visible": "$if(gv(wid) \u003d 0, ALWAYS, NEVER)$"
        },
        "internal_events": [
          {
            "action": "SWITCH_GLOBAL",
            "switch": "wid"
          }
        ],
        "viewgroup_items": [
          {
            "internal_type": "ShapeModule",
            "shape_type": "RECT",
            "shape_width": 340.0,
            "shape_height": 360.0,
            "paint_style": "STROKE",
            "paint_stroke": 5.0
          },
          {
            "internal_type": "ShapeModule",
            "position_padding_top": 350.0,
            "position_padding_bottom": 0.0,
            "shape_type": "RECT",
            "shape_width": 180.0,
            "shape_height": 80.0,
            "paint_mode": "CLEAR"
          },
          {
            "internal_type": "ShapeModule",
            "position_padding_top": 350.0,
            "position_padding_bottom": 0.0,
            "shape_type": "RECT",
            "shape_width": 140.0,
            "shape_height": 60.0,
            "shape_corners": 0.0,
            "paint_style": "STROKE",
            "paint_stroke": 3.0
          },
          {
            "internal_type": "ShapeModule",
            "position_padding_top": 0.0,
            "position_padding_bottom": 350.0,
            "shape_type": "RECT",
            "shape_width": 180.0,
            "shape_height": 80.0,
            "paint_mode": "CLEAR"
          },
          {
            "internal_type": "ShapeModule",
            "position_padding_left": 50.0,
            "position_padding_bottom": 350.0,
            "shape_type": "CIRCLE",
            "shape_width": 20.0
          },
          {
            "internal_type": "ShapeModule",
            "position_padding_left": 0.0,
            "position_padding_bottom": 350.0,
            "shape_type": "CIRCLE",
            "shape_width": 20.0,
            "position_padding_right": 50.0
          },
          {
            "internal_type": "KomponentModule",
            "internal_title": "Google Now Weather",
            "globals_list": {
              "icon": {
                "index": 1,
                "type": "LIST",
                "title": "Icon",
                "entries": "\"$wi(icon)$\"##Current,\"$wf(icon, 0)$\"##Today Forecast,\"$wf(icon, 1)$\"##Tomorrow Forecast,\"$wf(icon, 2)$\"##2 Days Forecast,\"$wf(icon, 3)$\"##3 Days Forecast,\"$wf(icon, 4)$\"##4 Days Forecast,\"$wf(icon, 5)$\"##5 Days Forecast,\"$wf(icon, 6)$\"##6 Days Forecast,\"$wf(icon, 7)$\"##7 Days Forecast,\"$wf(icon, 8)$\"##8 Days Forecast,\"$wf(icon, 9)$\"##9 Days Forecast",
                "value": "$wi(icon)$"
              },
              "nightico": {
                "index": 2,
                "type": "SWITCH",
                "title": "NightIco",
                "value": 1
              },
              "scale": {
                "index": 3,
                "type": "NUMBER",
                "title": "Scale",
                "min": 20,
                "max": 1000,
                "value": 175.0
              }
            },
            "internal_locked": "true",
            "viewgroup_items": [
              {
                "internal_type": "OverlapLayerModule",
                "internal_title": "Bitmaps",
                "internal_toggles": {
                  "config_scale_value": 100
                },
                "internal_globals": {
                  "config_scale_value": "scale"
                },
                "viewgroup_items": [
                  {
                    "internal_type": "BitmapModule",
                    "internal_title": "Clear Day",
                    "internal_toggles": {
                      "bitmap_alpha": 10
                    },
                    "internal_formulas": {
                      "bitmap_alpha": "$if(gv(icon)\u003dclear \u0026 (ai(isday)\u003d1 | gv(nightico)\u003d0), 100, 0)$"
                    },
                    "bitmap_bitmap": "kfile://org.kustom.provider/bitmaps/clear-day.png"
                  },
                  {
                    "internal_type": "BitmapModule",
                    "internal_title": "Clear Night",
                    "internal_toggles": {
                      "bitmap_alpha": 10
                    },
                    "internal_formulas": {
                      "bitmap_alpha": "$if(gv(icon)\u003dclear \u0026 (ai(isday)\u003d0 \u0026 gv(nightico)\u003d1), 100, 0)$"
                    },
                    "bitmap_bitmap": "kfile://org.kustom.provider/bitmaps/clear-night.png"
                  },
                  {
                    "internal_type": "BitmapModule",
                    "internal_title": "Fog Day",
                    "internal_toggles": {
                      "bitmap_alpha": 10
                    },
                    "internal_formulas": {
                      "bitmap_alpha": "$if(gv(icon)\u003dfog \u0026 (ai(isday)\u003d1 | gv(nightico)\u003d0), 100, 0)$"
                    },
                    "bitmap_bitmap": "kfile://org.kustom.provider/bitmaps/fog-day.png"
                  },
                  {
                    "internal_type": "BitmapModule",
                    "internal_title": "Fog Night",
                    "internal_toggles": {
                      "bitmap_alpha": 10
                    },
                    "internal_formulas": {
                      "bitmap_alpha": "$if(gv(icon)\u003dfog \u0026 (ai(isday)\u003d0 \u0026 gv(nightico)\u003d1), 100, 0)$"
                    },
                    "bitmap_bitmap": "kfile://org.kustom.provider/bitmaps/fog-night.png"
                  },
                  {
                    "internal_type": "BitmapModule",
                    "internal_title": "Hail Day",
                    "internal_toggles": {
                      "bitmap_alpha": 10
                    },
                    "internal_formulas": {
                      "bitmap_alpha": "$if(gv(icon)\u003dhail \u0026 (ai(isday)\u003d1 | gv(nightico)\u003d0), 100, 0)$"
                    },
                    "bitmap_bitmap": "kfile://org.kustom.provider/bitmaps/hail-day.png"
                  },
                  {
                    "internal_type": "BitmapModule",
                    "internal_title": "Hail Night",
                    "internal_toggles": {
                      "bitmap_alpha": 10
                    },
                    "internal_formulas": {
                      "bitmap_alpha": "$if(gv(icon)\u003dhail \u0026 (ai(isday)\u003d0 \u0026 gv(nightico)\u003d1), 100, 0)$"
                    },
                    "bitmap_bitmap": "kfile://org.kustom.provider/bitmaps/hail-night.png"
                  },
                  {
                    "internal_type": "BitmapModule",
                    "internal_title": "Light Snow Day",
                    "internal_toggles": {
                      "bitmap_alpha": 10
                    },
                    "internal_formulas": {
                      "bitmap_alpha": "$if(gv(icon)\u003dlsnow \u0026 (ai(isday)\u003d1 | gv(nightico)\u003d0), 100, 0)$"
                    },
                    "bitmap_bitmap": "kfile://org.kustom.provider/bitmaps/lsnow-day.png"
                  },
                  {
                    "internal_type": "BitmapModule",
                    "internal_title": "Light Snow Night",
                    "internal_toggles": {
                      "bitmap_alpha": 10
                    },
                    "internal_formulas": {
                      "bitmap_alpha": "$if(gv(icon)\u003dlsnow \u0026 (ai(isday)\u003d0 \u0026 gv(nightico)\u003d1), 100, 0)$"
                    },
                    "bitmap_bitmap": "kfile://org.kustom.provider/bitmaps/lsnow-night.png"
                  },
                  {
                    "internal_type": "BitmapModule",
                    "internal_title": "Mostly Cloudy",
                    "internal_toggles": {
                      "bitmap_alpha": 10
                    },
                    "internal_formulas": {
                      "bitmap_alpha": "$if(gv(icon)\u003dmcloudy, 100, 0)$"
                    },
                    "bitmap_bitmap": "kfile://org.kustom.provider/bitmaps/mcloudy.png"
                  },
                  {
                    "internal_type": "BitmapModule",
                    "internal_title": "Partly Cloudy Day",
                    "internal_toggles": {
                      "bitmap_alpha": 10
                    },
                    "internal_formulas": {
                      "bitmap_alpha": "$if(gv(icon)\u003dpcloudy \u0026 (ai(isday)\u003d1 | gv(nightico)\u003d0), 100, 0)$"
                    },
                    "bitmap_bitmap": "kfile://org.kustom.provider/bitmaps/pcloudy-day.png"
                  },
                  {
                    "internal_type": "BitmapModule",
                    "internal_title": "Partly Cloudy Night",
                    "internal_toggles": {
                      "bitmap_alpha": 10
                    },
                    "internal_formulas": {
                      "bitmap_alpha": "$if(gv(icon)\u003dpcloudy \u0026 (ai(isday)\u003d0 \u0026 gv(nightico)\u003d1), 100, 0)$"
                    },
                    "bitmap_bitmap": "kfile://org.kustom.provider/bitmaps/pcloudy-night.png"
                  },
                  {
                    "internal_type": "BitmapModule",
                    "internal_title": "Rain",
                    "internal_toggles": {
                      "bitmap_alpha": 10
                    },
                    "internal_formulas": {
                      "bitmap_alpha": "$if(gv(icon)\u003drain, 100, 0)$"
                    },
                    "bitmap_bitmap": "kfile://org.kustom.provider/bitmaps/rain.png"
                  },
                  {
                    "internal_type": "BitmapModule",
                    "internal_title": "Showers Day",
                    "internal_toggles": {
                      "bitmap_alpha": 10
                    },
                    "internal_formulas": {
                      "bitmap_alpha": "$if(gv(icon)\u003dshower \u0026 (ai(isday)\u003d1 | gv(nightico)\u003d0), 100, 0)$"
                    },
                    "bitmap_bitmap": "kfile://org.kustom.provider/bitmaps/showers-day.png"
                  },
                  {
                    "internal_type": "BitmapModule",
                    "internal_title": "Showers Night",
                    "internal_toggles": {
                      "bitmap_alpha": 10
                    },
                    "internal_formulas": {
                      "bitmap_alpha": "$if(gv(icon)\u003dshower \u0026 (ai(isday)\u003d0 \u0026 gv(nightico)\u003d1), 100, 0)$"
                    },
                    "bitmap_bitmap": "kfile://org.kustom.provider/bitmaps/showers-night.png"
                  },
                  {
                    "internal_type": "BitmapModule",
                    "internal_title": "Sleet Day",
                    "internal_toggles": {
                      "bitmap_alpha": 10
                    },
                    "internal_formulas": {
                      "bitmap_alpha": "$if(gv(icon)\u003dsleet \u0026 (ai(isday)\u003d1 | gv(nightico)\u003d0), 100, 0)$"
                    },
                    "bitmap_bitmap": "kfile://org.kustom.provider/bitmaps/sleet-day.png"
                  },
                  {
                    "internal_type": "BitmapModule",
                    "internal_title": "Sleet Night",
                    "internal_toggles": {
                      "bitmap_alpha": 10
                    },
                    "internal_formulas": {
                      "bitmap_alpha": "$if(gv(icon)\u003dsleet \u0026 (ai(isday)\u003d0 \u0026 gv(nightico)\u003d1), 100, 0)$"
                    },
                    "bitmap_bitmap": "kfile://org.kustom.provider/bitmaps/sleet-night.png"
                  },
                  {
                    "internal_type": "BitmapModule",
                    "internal_title": "Snow Day",
                    "internal_toggles": {
                      "bitmap_alpha": 10
                    },
                    "internal_formulas": {
                      "bitmap_alpha": "$if(gv(icon)\u003dsnow \u0026 (ai(isday)\u003d1 | gv(nightico)\u003d0), 100, 0)$"
                    },
                    "bitmap_bitmap": "kfile://org.kustom.provider/bitmaps/snow-day.png"
                  },
                  {
                    "internal_type": "BitmapModule",
                    "internal_title": "Snow Night",
                    "internal_toggles": {
                      "bitmap_alpha": 10
                    },
                    "internal_formulas": {
                      "bitmap_alpha": "$if(gv(icon)\u003dsnow \u0026 (ai(isday)\u003d0 \u0026 gv(nightico)\u003d1), 100, 0)$"
                    },
                    "bitmap_bitmap": "kfile://org.kustom.provider/bitmaps/snow-night.png"
                  },
                  {
                    "internal_type": "BitmapModule",
                    "internal_title": "Tornado",
                    "internal_toggles": {
                      "bitmap_alpha": 10
                    },
                    "internal_formulas": {
                      "bitmap_alpha": "$if(gv(icon)\u003dtornado, 100, 0)$"
                    },
                    "bitmap_bitmap": "kfile://org.kustom.provider/bitmaps/tornado.png"
                  },
                  {
                    "internal_type": "BitmapModule",
                    "internal_title": "Thunder Shower Day",
                    "internal_toggles": {
                      "bitmap_alpha": 10
                    },
                    "internal_formulas": {
                      "bitmap_alpha": "$if(gv(icon)\u003dtshower \u0026 (ai(isday)\u003d1 | gv(nightico)\u003d0), 100, 0)$"
                    },
                    "bitmap_bitmap": "kfile://org.kustom.provider/bitmaps/tshower-day.png"
                  },
                  {
                    "internal_type": "BitmapModule",
                    "internal_title": "Thunder Shower Night",
                    "internal_toggles": {
                      "bitmap_alpha": 10
                    },
                    "internal_formulas": {
                      "bitmap_alpha": "$if(gv(icon)\u003dtshower \u0026 (ai(isday)\u003d0 \u0026 gv(nightico)\u003d1), 100, 0)$"
                    },
                    "bitmap_bitmap": "kfile://org.kustom.provider/bitmaps/tshower-night.png"
                  },
                  {
                    "internal_type": "BitmapModule",
                    "internal_title": "Thunderstorm",
                    "internal_toggles": {
                      "bitmap_alpha": 10
                    },
                    "internal_formulas": {
                      "bitmap_alpha": "$if(gv(icon)\u003dtstorm, 100, 0)$"
                    },
                    "bitmap_bitmap": "kfile://org.kustom.provider/bitmaps/thunderstorm.png"
                  },
                  {
                    "internal_type": "BitmapModule",
                    "internal_title": "Unknown",
                    "internal_toggles": {
                      "bitmap_alpha": 10
                    },
                    "internal_formulas": {
                      "bitmap_alpha": "$if(gv(icon)\u003dunknown, 100, 0)$"
                    },
                    "bitmap_bitmap": "kfile://org.kustom.provider/bitmaps/haha-idk.png"
                  },
                  {
                    "internal_type": "BitmapModule",
                    "internal_title": "Windy Day",
                    "internal_toggles": {
                      "bitmap_alpha": 10
                    },
                    "internal_formulas": {
                      "bitmap_alpha": "$if(gv(icon)\u003dwindy \u0026 (ai(isday)\u003d1 | gv(nightico)\u003d0), 100, 0)$"
                    },
                    "bitmap_bitmap": "kfile://org.kustom.provider/bitmaps/windy-day.png"
                  },
                  {
                    "internal_type": "BitmapModule",
                    "internal_title": "Windy Night",
                    "internal_toggles": {
                      "bitmap_alpha": 10
                    },
                    "internal_formulas": {
                      "bitmap_alpha": "$if(gv(icon)\u003dwindy \u0026 (ai(isday)\u003d0 \u0026 gv(nightico)\u003d1), 100, 0)$"
                    },
                    "bitmap_bitmap": "kfile://org.kustom.provider/bitmaps/windy-night.png"
                  }
                ]
              }
            ]
          },
          {
            "internal_type": "TextModule",
            "position_padding_top": 350.0,
            "text_size": 30.0,
            "text_family": "kfile://org.kustom.provider/fonts/Homestead-Display.ttf",
            "text_expression": "$wi(temp)$°$wi(tempu)$"
          }
        ]
      }
    ]
  }
}