{
  "preset_info": {
    "version": 10,
    "title": "analog_digital clock MD",
    "description": "Analog clock digital MD",
    "author": "edwin macalopu",
    "email": "khiwendz@gmail.com",
    "width": 762,
    "height": 533,
    "xscreens": 4,
    "features": "WEATHER ANALOG_CLOCK",
    "release": 320626309,
    "locked": false
  },
  "preset_root": {
    "internal_type": "RootLayerModule",
    "globals_list": {
      "clock": {
        "index": 1,
        "type": "SWITCH",
        "title": "clock",
        "value": 1
      }
    },
    "config_scale_value": 54.859673,
    "viewgroup_items": [
      {
        "internal_type": "OverlapLayerModule",
        "internal_title": "Analog Group",
        "internal_toggles": {
          "config_visible": 10
        },
        "internal_formulas": {
          "config_visible": "$if(gv(clock) \u003d 1, ALWAYS,NEVER)$"
        },
        "viewgroup_items": [
          {
            "internal_type": "ShapeModule",
            "internal_title": "Background",
            "internal_toggles": {
              "paint_color": 0
            },
            "internal_globals": {
              "paint_color": "hands"
            },
            "shape_width": 425,
            "shape_height": 80,
            "shape_corners": 0.0
          },
          {
            "internal_type": "ShapeModule",
            "internal_title": "ClipShadow",
            "internal_toggles": {
              "paint_color": 100
            },
            "internal_globals": {
              "paint_color": "bg"
            },
            "shape_width": 428.0,
            "fx_mask": "CLIP_NEXT",
            "shape_height": 80
          },
          {
            "internal_type": "OverlapLayerModule",
            "internal_title": "ClockHands",
            "config_fx": "LONG_SHADOW_BR",
            "config_fx_fcolor": "#4A000000",
            "viewgroup_items": [
              {
                "config_rotate_mode": "CLOCK_MINUTE",
                "internal_type": "OverlapLayerModule",
                "config_rotate_offset": 1,
                "position_padding_bottom": 162.0,
                "internal_title": "Minutes hand",
                "position_padding_left": 25.0,
                "position_padding_right": 25.0,
                "position_padding_top": 25.0,
                "viewgroup_items": [
                  {
                    "shape_width": 200,
                    "position_padding_top": 20.0,
                    "shape_rotate_offset": 270,
                    "position_padding_left": 20.0,
                    "paint_color": "#FF2C2C2C",
                    "fx_shadow": "OUTER",
                    "internal_type": "ShapeModule",
                    "shape_height": 3.0,
                    "position_padding_right": 20.0,
                    "position_padding_bottom": 20.0,
                    "internal_toggles": {
                      "paint_color": 100
                    },
                    "shape_rotate_mode": "MANUAL",
                    "fx_shadow_color": "#1D000000",
                    "internal_globals": {
                      "paint_color": "hands"
                    },
                    "shape_type": "RECT",
                    "fx_shadow_direction": 133,
                    "fx_shadow_blur": 1,
                    "fx_shadow_distance": 3
                  }
                ]
              },
              {
                "config_rotate_mode": "CLOCK_HOUR_SMOOTH",
                "internal_type": "OverlapLayerModule",
                "position_padding_bottom": 180,
                "internal_title": "Hours hand",
                "config_fx_fcolor": "#9A000000",
                "position_padding_left": 20.0,
                "position_padding_right": 20.0,
                "position_padding_top": 20.0,
                "viewgroup_items": [
                  {
                    "shape_width": 157.0,
                    "position_padding_top": 71,
                    "shape_rotate_offset": 270,
                    "position_padding_left": 15,
                    "paint_color": "#FF2E2E2E",
                    "fx_shadow": "OUTER",
                    "internal_type": "ShapeModule",
                    "shape_height": 5.0,
                    "position_padding_right": 15,
                    "position_padding_bottom": 15,
                    "internal_toggles": {
                      "paint_color": 100
                    },
                    "shape_rotate_mode": "MANUAL",
                    "fx_shadow_color": "#1D000000",
                    "internal_globals": {
                      "paint_color": "hands"
                    },
                    "shape_type": "RECT",
                    "fx_shadow_direction": 133,
                    "fx_shadow_blur": 1,
                    "fx_shadow_distance": 3
                  }
                ]
              },
              {
                "internal_type": "ShapeModule",
                "internal_toggles": {
                  "paint_color": 0
                },
                "internal_globals": {
                  "paint_color": "hands"
                },
                "shape_type": "CIRCLE",
                "shape_width": 40.0,
                "fx_shadow_color": "#7F000000",
                "fx_shadow_distance": 1,
                "fx_shadow_blur": 10.0,
                "shape_height": 80,
                "paint_color": "#FF000000"
              },
              {
                "internal_type": "ShapeModule",
                "internal_toggles": {
                  "paint_color": 100
                },
                "internal_globals": {
                  "paint_color": "hands"
                },
                "shape_type": "CIRCLE",
                "shape_width": 40.0,
                "fx_shadow_color": "#7F000000",
                "fx_shadow_distance": 1,
                "fx_shadow_blur": 10.0,
                "paint_style": "STROKE",
                "shape_height": 80
              }
            ]
          }
        ]
      },
      {
        "internal_type": "OverlapLayerModule",
        "internal_toggles": {
          "config_visible": 10
        },
        "internal_formulas": {
          "config_visible": "$if(gv(clock) \u003d 0, ALWAYS,NEVER)$"
        },
        "viewgroup_items": [
          {
            "internal_type": "ShapeModule",
            "shape_type": "RECT",
            "shape_width": 620.0,
            "shape_height": 430.0
          },
          {
            "internal_type": "ShapeModule",
            "shape_type": "RECT",
            "shape_width": 620.0,
            "shape_height": 200.0,
            "position_padding_right": 0.0,
            "position_padding_top": 0.0,
            "position_padding_bottom": 225.0,
            "paint_color": "#FFF6F6F6"
          },
          {
            "internal_type": "TextModule",
            "text_size": 120.0,
            "text_family": "kfile://org.kustom.provider/fonts/Roboto-Light.ttf",
            "paint_color": "#FF343434"
          }
        ]
      },
      {
        "internal_type": "OverlapLayerModule",
        "position_offset_x": 300.0,
        "position_offset_y": 180.0,
        "internal_events": [
          {
            "action": "SWITCH_GLOBAL",
            "switch": "clock"
          }
        ],
        "viewgroup_items": [
          {
            "internal_type": "KomponentModule",
            "internal_title": "Google Now Weather",
            "globals_list": {
              "icon": {
                "index": 1,
                "type": "LIST",
                "title": "Icon",
                "entries": "\"$wi(icon)$\"##Current,\"$wf(icon, 0)$\"##Today Forecast,\"$wf(icon, 1)$\"##Tomorrow Forecast,\"$wf(icon, 2)$\"##2 Days Forecast,\"$wf(icon, 3)$\"##3 Days Forecast,\"$wf(icon, 4)$\"##4 Days Forecast,\"$wf(icon, 5)$\"##5 Days Forecast,\"$wf(icon, 6)$\"##6 Days Forecast,\"$wf(icon, 7)$\"##7 Days Forecast,\"$wf(icon, 8)$\"##8 Days Forecast,\"$wf(icon, 9)$\"##9 Days Forecast",
                "value": "$wi(icon)$"
              },
              "nightico": {
                "index": 2,
                "type": "SWITCH",
                "title": "NightIco",
                "value": 1
              },
              "scale": {
                "index": 3,
                "type": "NUMBER",
                "title": "Scale",
                "min": 20,
                "max": 1000,
                "value": 266
              }
            },
            "internal_locked": "true",
            "viewgroup_items": [
              {
                "internal_type": "OverlapLayerModule",
                "internal_title": "Bitmaps",
                "internal_toggles": {
                  "config_scale_value": 100
                },
                "internal_globals": {
                  "config_scale_value": "scale"
                },
                "viewgroup_items": [
                  {
                    "internal_type": "BitmapModule",
                    "internal_title": "Clear Day",
                    "internal_toggles": {
                      "bitmap_alpha": 10
                    },
                    "internal_formulas": {
                      "bitmap_alpha": "$if(gv(icon)\u003dclear \u0026 (ai(isday)\u003d1 | gv(nightico)\u003d0), 100, 0)$"
                    },
                    "bitmap_bitmap": "kfile://org.kustom.provider/bitmaps/clear-day.png"
                  },
                  {
                    "internal_type": "BitmapModule",
                    "internal_title": "Clear Night",
                    "internal_toggles": {
                      "bitmap_alpha": 10
                    },
                    "internal_formulas": {
                      "bitmap_alpha": "$if(gv(icon)\u003dclear \u0026 (ai(isday)\u003d0 \u0026 gv(nightico)\u003d1), 100, 0)$"
                    },
                    "bitmap_bitmap": "kfile://org.kustom.provider/bitmaps/clear-night.png"
                  },
                  {
                    "internal_type": "BitmapModule",
                    "internal_title": "Fog Day",
                    "internal_toggles": {
                      "bitmap_alpha": 10
                    },
                    "internal_formulas": {
                      "bitmap_alpha": "$if(gv(icon)\u003dfog \u0026 (ai(isday)\u003d1 | gv(nightico)\u003d0), 100, 0)$"
                    },
                    "bitmap_bitmap": "kfile://org.kustom.provider/bitmaps/fog-day.png"
                  },
                  {
                    "internal_type": "BitmapModule",
                    "internal_title": "Fog Night",
                    "internal_toggles": {
                      "bitmap_alpha": 10
                    },
                    "internal_formulas": {
                      "bitmap_alpha": "$if(gv(icon)\u003dfog \u0026 (ai(isday)\u003d0 \u0026 gv(nightico)\u003d1), 100, 0)$"
                    },
                    "bitmap_bitmap": "kfile://org.kustom.provider/bitmaps/fog-night.png"
                  },
                  {
                    "internal_type": "BitmapModule",
                    "internal_title": "Hail Day",
                    "internal_toggles": {
                      "bitmap_alpha": 10
                    },
                    "internal_formulas": {
                      "bitmap_alpha": "$if(gv(icon)\u003dhail \u0026 (ai(isday)\u003d1 | gv(nightico)\u003d0), 100, 0)$"
                    },
                    "bitmap_bitmap": "kfile://org.kustom.provider/bitmaps/hail-day.png"
                  },
                  {
                    "internal_type": "BitmapModule",
                    "internal_title": "Hail Night",
                    "internal_toggles": {
                      "bitmap_alpha": 10
                    },
                    "internal_formulas": {
                      "bitmap_alpha": "$if(gv(icon)\u003dhail \u0026 (ai(isday)\u003d0 \u0026 gv(nightico)\u003d1), 100, 0)$"
                    },
                    "bitmap_bitmap": "kfile://org.kustom.provider/bitmaps/hail-night.png"
                  },
                  {
                    "internal_type": "BitmapModule",
                    "internal_title": "Light Snow Day",
                    "internal_toggles": {
                      "bitmap_alpha": 10
                    },
                    "internal_formulas": {
                      "bitmap_alpha": "$if(gv(icon)\u003dlsnow \u0026 (ai(isday)\u003d1 | gv(nightico)\u003d0), 100, 0)$"
                    },
                    "bitmap_bitmap": "kfile://org.kustom.provider/bitmaps/lsnow-day.png"
                  },
                  {
                    "internal_type": "BitmapModule",
                    "internal_title": "Light Snow Night",
                    "internal_toggles": {
                      "bitmap_alpha": 10
                    },
                    "internal_formulas": {
                      "bitmap_alpha": "$if(gv(icon)\u003dlsnow \u0026 (ai(isday)\u003d0 \u0026 gv(nightico)\u003d1), 100, 0)$"
                    },
                    "bitmap_bitmap": "kfile://org.kustom.provider/bitmaps/lsnow-night.png"
                  },
                  {
                    "internal_type": "BitmapModule",
                    "internal_title": "Mostly Cloudy",
                    "internal_toggles": {
                      "bitmap_alpha": 10
                    },
                    "internal_formulas": {
                      "bitmap_alpha": "$if(gv(icon)\u003dmcloudy, 100, 0)$"
                    },
                    "bitmap_bitmap": "kfile://org.kustom.provider/bitmaps/mcloudy.png"
                  },
                  {
                    "internal_type": "BitmapModule",
                    "internal_title": "Partly Cloudy Day",
                    "internal_toggles": {
                      "bitmap_alpha": 10
                    },
                    "internal_formulas": {
                      "bitmap_alpha": "$if(gv(icon)\u003dpcloudy \u0026 (ai(isday)\u003d1 | gv(nightico)\u003d0), 100, 0)$"
                    },
                    "bitmap_bitmap": "kfile://org.kustom.provider/bitmaps/pcloudy-day.png"
                  },
                  {
                    "internal_type": "BitmapModule",
                    "internal_title": "Partly Cloudy Night",
                    "internal_toggles": {
                      "bitmap_alpha": 10
                    },
                    "internal_formulas": {
                      "bitmap_alpha": "$if(gv(icon)\u003dpcloudy \u0026 (ai(isday)\u003d0 \u0026 gv(nightico)\u003d1), 100, 0)$"
                    },
                    "bitmap_bitmap": "kfile://org.kustom.provider/bitmaps/pcloudy-night.png"
                  },
                  {
                    "internal_type": "BitmapModule",
                    "internal_title": "Rain",
                    "internal_toggles": {
                      "bitmap_alpha": 10
                    },
                    "internal_formulas": {
                      "bitmap_alpha": "$if(gv(icon)\u003drain, 100, 0)$"
                    },
                    "bitmap_bitmap": "kfile://org.kustom.provider/bitmaps/rain.png"
                  },
                  {
                    "internal_type": "BitmapModule",
                    "internal_title": "Showers Day",
                    "internal_toggles": {
                      "bitmap_alpha": 10
                    },
                    "internal_formulas": {
                      "bitmap_alpha": "$if(gv(icon)\u003dshower \u0026 (ai(isday)\u003d1 | gv(nightico)\u003d0), 100, 0)$"
                    },
                    "bitmap_bitmap": "kfile://org.kustom.provider/bitmaps/showers-day.png"
                  },
                  {
                    "internal_type": "BitmapModule",
                    "internal_title": "Showers Night",
                    "internal_toggles": {
                      "bitmap_alpha": 10
                    },
                    "internal_formulas": {
                      "bitmap_alpha": "$if(gv(icon)\u003dshower \u0026 (ai(isday)\u003d0 \u0026 gv(nightico)\u003d1), 100, 0)$"
                    },
                    "bitmap_bitmap": "kfile://org.kustom.provider/bitmaps/showers-night.png"
                  },
                  {
                    "internal_type": "BitmapModule",
                    "internal_title": "Sleet Day",
                    "internal_toggles": {
                      "bitmap_alpha": 10
                    },
                    "internal_formulas": {
                      "bitmap_alpha": "$if(gv(icon)\u003dsleet \u0026 (ai(isday)\u003d1 | gv(nightico)\u003d0), 100, 0)$"
                    },
                    "bitmap_bitmap": "kfile://org.kustom.provider/bitmaps/sleet-day.png"
                  },
                  {
                    "internal_type": "BitmapModule",
                    "internal_title": "Sleet Night",
                    "internal_toggles": {
                      "bitmap_alpha": 10
                    },
                    "internal_formulas": {
                      "bitmap_alpha": "$if(gv(icon)\u003dsleet \u0026 (ai(isday)\u003d0 \u0026 gv(nightico)\u003d1), 100, 0)$"
                    },
                    "bitmap_bitmap": "kfile://org.kustom.provider/bitmaps/sleet-night.png"
                  },
                  {
                    "internal_type": "BitmapModule",
                    "internal_title": "Snow Day",
                    "internal_toggles": {
                      "bitmap_alpha": 10
                    },
                    "internal_formulas": {
                      "bitmap_alpha": "$if(gv(icon)\u003dsnow \u0026 (ai(isday)\u003d1 | gv(nightico)\u003d0), 100, 0)$"
                    },
                    "bitmap_bitmap": "kfile://org.kustom.provider/bitmaps/snow-day.png"
                  },
                  {
                    "internal_type": "BitmapModule",
                    "internal_title": "Snow Night",
                    "internal_toggles": {
                      "bitmap_alpha": 10
                    },
                    "internal_formulas": {
                      "bitmap_alpha": "$if(gv(icon)\u003dsnow \u0026 (ai(isday)\u003d0 \u0026 gv(nightico)\u003d1), 100, 0)$"
                    },
                    "bitmap_bitmap": "kfile://org.kustom.provider/bitmaps/snow-night.png"
                  },
                  {
                    "internal_type": "BitmapModule",
                    "internal_title": "Tornado",
                    "internal_toggles": {
                      "bitmap_alpha": 10
                    },
                    "internal_formulas": {
                      "bitmap_alpha": "$if(gv(icon)\u003dtornado, 100, 0)$"
                    },
                    "bitmap_bitmap": "kfile://org.kustom.provider/bitmaps/tornado.png"
                  },
                  {
                    "internal_type": "BitmapModule",
                    "internal_title": "Thunder Shower Day",
                    "internal_toggles": {
                      "bitmap_alpha": 10
                    },
                    "internal_formulas": {
                      "bitmap_alpha": "$if(gv(icon)\u003dtshower \u0026 (ai(isday)\u003d1 | gv(nightico)\u003d0), 100, 0)$"
                    },
                    "bitmap_bitmap": "kfile://org.kustom.provider/bitmaps/tshower-day.png"
                  },
                  {
                    "internal_type": "BitmapModule",
                    "internal_title": "Thunder Shower Night",
                    "internal_toggles": {
                      "bitmap_alpha": 10
                    },
                    "internal_formulas": {
                      "bitmap_alpha": "$if(gv(icon)\u003dtshower \u0026 (ai(isday)\u003d0 \u0026 gv(nightico)\u003d1), 100, 0)$"
                    },
                    "bitmap_bitmap": "kfile://org.kustom.provider/bitmaps/tshower-night.png"
                  },
                  {
                    "internal_type": "BitmapModule",
                    "internal_title": "Thunderstorm",
                    "internal_toggles": {
                      "bitmap_alpha": 10
                    },
                    "internal_formulas": {
                      "bitmap_alpha": "$if(gv(icon)\u003dtstorm, 100, 0)$"
                    },
                    "bitmap_bitmap": "kfile://org.kustom.provider/bitmaps/thunderstorm.png"
                  },
                  {
                    "internal_type": "BitmapModule",
                    "internal_title": "Unknown",
                    "internal_toggles": {
                      "bitmap_alpha": 10
                    },
                    "internal_formulas": {
                      "bitmap_alpha": "$if(gv(icon)\u003dunknown, 100, 0)$"
                    },
                    "bitmap_bitmap": "kfile://org.kustom.provider/bitmaps/haha-idk.png"
                  },
                  {
                    "internal_type": "BitmapModule",
                    "internal_title": "Windy Day",
                    "internal_toggles": {
                      "bitmap_alpha": 10
                    },
                    "internal_formulas": {
                      "bitmap_alpha": "$if(gv(icon)\u003dwindy \u0026 (ai(isday)\u003d1 | gv(nightico)\u003d0), 100, 0)$"
                    },
                    "bitmap_bitmap": "kfile://org.kustom.provider/bitmaps/windy-day.png"
                  },
                  {
                    "internal_type": "BitmapModule",
                    "internal_title": "Windy Night",
                    "internal_toggles": {
                      "bitmap_alpha": 10
                    },
                    "internal_formulas": {
                      "bitmap_alpha": "$if(gv(icon)\u003dwindy \u0026 (ai(isday)\u003d0 \u0026 gv(nightico)\u003d1), 100, 0)$"
                    },
                    "bitmap_bitmap": "kfile://org.kustom.provider/bitmaps/windy-night.png"
                  }
                ]
              }
            ]
          }
        ]
      }
    ]
  }
}