{
  "preset_info": {
    "version": 10,
    "title": "animal_date",
    "description": "animal clock date",
    "author": "edwin macalopu",
    "email": "khiwendz@gmail.com",
    "width": 492,
    "height": 534,
    "xscreens": 4,
    "features": "",
    "release": 320626309,
    "locked": false
  },
  "preset_root": {
    "internal_events": [
      {
        "action": "KUSTOM_ACTION"
      }
    ],
    "internal_type": "RootLayerModule",
    "globals_list": {
      "date": {
        "index": 1,
        "type": "SWITCH",
        "title": "date",
        "value": 1
      }
    },
    "viewgroup_items": [
      {
        "internal_type": "OverlapLayerModule",
        "position_offset_y": -32.0,
        "internal_toggles": {
          "config_visible": 10
        },
        "internal_formulas": {
          "config_visible": "$if(gv(date) \u003d 1, ALWAYS, NEVER)$"
        },
        "internal_events": [
          {
            "action": "SWITCH_GLOBAL",
            "switch": "date"
          }
        ],
        "viewgroup_items": [
          {
            "internal_type": "ShapeModule",
            "shape_type": "CIRCLE",
            "shape_width": 280.0,
            "shape_height": 260.0,
            "shape_angle": 258,
            "fx_shadow": "OUTER",
            "fx_shadow_color": "#1E000000",
            "fx_shadow_direction": 18,
            "fx_shadow_distance": 2.0,
            "fx_shadow_blur": 1,
            "fx_gradient_color": "#FF6689C2",
            "fx_gradient_offset": 0,
            "fx_bitmap_dim": 13,
            "internal_events": [
              {
                "action": "SWITCH_GLOBAL",
                "switch": "date"
              }
            ]
          },
          {
            "internal_type": "TextModule",
            "text_expression": "s",
            "text_size": 130.0,
            "text_family": "kfile://org.kustom.provider/fonts/linedash.ttf",
            "paint_color": "#FF373636"
          },
          {
            "internal_type": "TextModule",
            "position_padding_top": 350.0,
            "text_expression": "$df(d MMM yyyy)$",
            "text_size": 29.0,
            "text_family": "kfile://org.kustom.provider/fonts/Nelda Free.ttf",
            "fx_shadow": "OUTER",
            "fx_shadow_color": "#2F000000",
            "fx_shadow_direction": 325.0,
            "fx_shadow_distance": 1.0,
            "fx_shadow_blur": 5
          }
        ]
      },
      {
        "internal_type": "OverlapLayerModule",
        "position_offset_y": -32.0,
        "internal_toggles": {
          "config_visible": 10
        },
        "internal_formulas": {
          "config_visible": "$if(gv(date) \u003d 0, ALWAYS, NEVER)$"
        },
        "internal_events": [
          {
            "action": "SWITCH_GLOBAL",
            "switch": "date"
          }
        ],
        "viewgroup_items": [
          {
            "internal_type": "ShapeModule",
            "shape_type": "CIRCLE",
            "shape_width": 280.0,
            "shape_height": 260.0,
            "shape_angle": 258,
            "fx_shadow": "OUTER",
            "fx_shadow_color": "#1E000000",
            "fx_shadow_direction": 325.0,
            "fx_shadow_distance": 2.0,
            "fx_shadow_blur": 20,
            "fx_gradient_color": "#FF6689C2",
            "fx_gradient_offset": 84,
            "fx_bitmap_dim": 13
          },
          {
            "internal_type": "TextModule",
            "text_expression": "h",
            "text_size": 180.0,
            "text_family": "kfile://org.kustom.provider/fonts/Trees Go 2.ttf",
            "paint_color": "#FF3E3E3E",
            "position_padding_top": 25.0
          },
          {
            "internal_type": "TextModule",
            "position_padding_top": 350.0,
            "text_expression": "$df(h:mm)$",
            "text_size": 29.0,
            "text_family": "kfile://org.kustom.provider/fonts/Nelda Free.ttf",
            "fx_shadow": "OUTER",
            "fx_shadow_color": "#2F000000",
            "fx_shadow_direction": 325.0,
            "fx_shadow_distance": 1.0,
            "fx_shadow_blur": 5
          }
        ]
      }
    ]
  }
}