{
  "preset_info": {
    "version": 10,
    "title": "date_deerfox",
    "description": "deer fox",
    "author": "edwin macalopu",
    "email": "khiwendz@gmail.com",
    "width": 762,
    "height": 679,
    "xscreens": 4,
    "features": "WEATHER",
    "release": 320626309,
    "locked": false
  },
  "preset_root": {
    "internal_events": [
      {
        "action": "DISABLED"
      }
    ],
    "internal_type": "RootLayerModule",
    "globals_list": {
      "deer": {
        "index": 1,
        "type": "SWITCH",
        "title": "deer",
        "value": 0
      }
    },
    "viewgroup_items": [
      {
        "internal_type": "OverlapLayerModule",
        "internal_toggles": {
          "config_visible": 10
        },
        "internal_formulas": {
          "config_visible": "$if(gv(deer) \u003d 1, ALWAYS, NEVER)$"
        },
        "internal_events": [
          {
            "action": "SWITCH_GLOBAL",
            "switch": "deer"
          }
        ],
        "position_offset_y": 0.0,
        "viewgroup_items": [
          {
            "internal_type": "KomponentModule",
            "internal_title": "Supreme Weather",
            "globals_list": {
              "icon": {
                "index": 1,
                "type": "LIST",
                "title": "Icon",
                "entries": "\"$wi(icon)$\"##Current,\"$wf(icon, 0)$\"##Today Forecast,\"$wf(icon, 1)$\"##Tomorrow Forecast,\"$wf(icon, 2)$\"##2 Days Forecast,\"$wf(icon, 3)$\"##3 Days Forecast,\"$wf(icon, 4)$\"##4 Days Forecast,\"$wf(icon, 5)$\"##5 Days Forecast,\"$wf(icon, 6)$\"##6 Days Forecast,\"$wf(icon, 7)$\"##7 Days Forecast,\"$wf(icon, 8)$\"##8 Days Forecast,\"$wf(icon, 9)$\"##9 Days Forecast",
                "value": "$wi(icon)$"
              },
              "nightico": {
                "index": 2,
                "type": "SWITCH",
                "title": "NightIco",
                "value": 1
              },
              "scale": {
                "index": 3,
                "type": "NUMBER",
                "title": "Scale",
                "min": 20,
                "max": 500,
                "value": 81.0
              }
            },
            "position_padding_right": 0.0,
            "position_padding_top": 100.0,
            "position_offset_x": 0.0,
            "position_offset_y": 0.0,
            "config_scale_value": 100.0,
            "internal_description": "bitmap weather",
            "internal_toggles": {
              "config_scale_value": 100
            },
            "internal_globals": {
              "config_scale_value": "scale"
            },
            "position_padding_left": 225.0,
            "internal_locked": "true",
            "viewgroup_items": [
              {
                "internal_type": "OverlapLayerModule",
                "internal_title": "Bitmaps",
                "internal_toggles": {
                  "config_scale_value": 0
                },
                "internal_globals": {
                  "config_scale_value": "scale"
                },
                "viewgroup_items": [
                  {
                    "internal_type": "BitmapModule",
                    "internal_title": "Clear Day",
                    "internal_toggles": {
                      "bitmap_alpha": 10
                    },
                    "internal_formulas": {
                      "bitmap_alpha": "$if(gv(icon)\u003dclear \u0026 (ai(isday)\u003d1 | gv(nightico)\u003d0), 100, 0)$"
                    },
                    "bitmap_bitmap": "kfile://org.kustom.provider/bitmaps/IMG3123c0f93800d442192005bee4e302ec"
                  },
                  {
                    "internal_type": "BitmapModule",
                    "internal_title": "Clear Night",
                    "internal_toggles": {
                      "bitmap_alpha": 10
                    },
                    "internal_formulas": {
                      "bitmap_alpha": "$if(gv(icon)\u003dclear \u0026 (ai(isday)\u003d0 \u0026 gv(nightico)\u003d1), 100, 0)$"
                    },
                    "bitmap_bitmap": "kfile://org.kustom.provider/bitmaps/IMG19bab3cff3ff4c5e01f4753ecc13c2cb"
                  },
                  {
                    "internal_type": "BitmapModule",
                    "internal_title": "Fog Day",
                    "internal_toggles": {
                      "bitmap_alpha": 10
                    },
                    "internal_formulas": {
                      "bitmap_alpha": "$if(gv(icon)\u003dfog \u0026 (ai(isday)\u003d1 | gv(nightico)\u003d0), 100, 0)$"
                    },
                    "bitmap_bitmap": "kfile://org.kustom.provider/bitmaps/IMG4d7940e825eb8e598058ee958454f07f"
                  },
                  {
                    "internal_type": "BitmapModule",
                    "internal_title": "Fog Night",
                    "internal_toggles": {
                      "bitmap_alpha": 10
                    },
                    "internal_formulas": {
                      "bitmap_alpha": "$if(gv(icon)\u003dfog \u0026 (ai(isday)\u003d0 \u0026 gv(nightico)\u003d1), 100, 0)$"
                    },
                    "bitmap_bitmap": "kfile://org.kustom.provider/bitmaps/IMG4d7940e825eb8e598058ee958454f07f"
                  },
                  {
                    "internal_type": "BitmapModule",
                    "internal_title": "Hail Day",
                    "internal_toggles": {
                      "bitmap_alpha": 10
                    },
                    "internal_formulas": {
                      "bitmap_alpha": "$if(gv(icon)\u003dhail \u0026 (ai(isday)\u003d1 | gv(nightico)\u003d0), 100, 0)$"
                    },
                    "bitmap_bitmap": "kfile://org.kustom.provider/bitmaps/IMGc5cbd48e9fcc0c4a7d2a573612fda13c"
                  },
                  {
                    "internal_type": "BitmapModule",
                    "internal_title": "Hail Night",
                    "internal_toggles": {
                      "bitmap_alpha": 10
                    },
                    "internal_formulas": {
                      "bitmap_alpha": "$if(gv(icon)\u003dhail \u0026 (ai(isday)\u003d0 \u0026 gv(nightico)\u003d1), 100, 0)$"
                    },
                    "bitmap_bitmap": "kfile://org.kustom.provider/bitmaps/IMGc5cbd48e9fcc0c4a7d2a573612fda13c"
                  },
                  {
                    "internal_type": "BitmapModule",
                    "internal_title": "Light Snow Day",
                    "internal_toggles": {
                      "bitmap_alpha": 10
                    },
                    "internal_formulas": {
                      "bitmap_alpha": "$if(gv(icon)\u003dlsnow \u0026 (ai(isday)\u003d1 | gv(nightico)\u003d0), 100, 0)$"
                    },
                    "bitmap_bitmap": "kfile://org.kustom.provider/bitmaps/IMGf28bd376719c735bb03eaaeb3f35a247"
                  },
                  {
                    "internal_type": "BitmapModule",
                    "internal_title": "Light Snow Night",
                    "internal_toggles": {
                      "bitmap_alpha": 10
                    },
                    "internal_formulas": {
                      "bitmap_alpha": "$if(gv(icon)\u003dlsnow \u0026 (ai(isday)\u003d0 \u0026 gv(nightico)\u003d1), 100, 0)$"
                    },
                    "bitmap_bitmap": "kfile://org.kustom.provider/bitmaps/IMG3d86d4fee8ef97be41d4663b3221a05f"
                  },
                  {
                    "internal_type": "BitmapModule",
                    "internal_title": "Mostly Cloudy Day",
                    "internal_toggles": {
                      "bitmap_alpha": 10
                    },
                    "internal_formulas": {
                      "bitmap_alpha": "$if(gv(icon)\u003dmcloudy \u0026 (ai(isday)\u003d1 | gv(nightico)\u003d0), 100, 0)$"
                    },
                    "bitmap_bitmap": "kfile://org.kustom.provider/bitmaps/IMGc97f6d118f2b130da59d2c08d3c791cb"
                  },
                  {
                    "internal_type": "BitmapModule",
                    "internal_title": "Mostly Cloudy Night",
                    "internal_toggles": {
                      "bitmap_alpha": 10
                    },
                    "internal_formulas": {
                      "bitmap_alpha": "$if(gv(icon)\u003dmcloudy \u0026 (ai(isday)\u003d0 \u0026 gv(nightico)\u003d1), 100, 0)$"
                    },
                    "bitmap_bitmap": "kfile://org.kustom.provider/bitmaps/IMG5e5fabb898b7388f397f2649642997a"
                  },
                  {
                    "internal_type": "BitmapModule",
                    "internal_title": "Partly Cloudy Day",
                    "internal_toggles": {
                      "bitmap_alpha": 10
                    },
                    "internal_formulas": {
                      "bitmap_alpha": "$if(gv(icon)\u003dpcloudy \u0026 (ai(isday)\u003d1 | gv(nightico)\u003d0), 100, 0)$"
                    },
                    "bitmap_bitmap": "kfile://org.kustom.provider/bitmaps/IMG47172b0baa0dafa920337866b1967a86"
                  },
                  {
                    "internal_type": "BitmapModule",
                    "internal_title": "Partly Cloudy Night",
                    "internal_toggles": {
                      "bitmap_alpha": 10
                    },
                    "internal_formulas": {
                      "bitmap_alpha": "$if(gv(icon)\u003dpcloudy \u0026 (ai(isday)\u003d0 \u0026 gv(nightico)\u003d1), 100, 0)$"
                    },
                    "bitmap_bitmap": "kfile://org.kustom.provider/bitmaps/IMG16f611c705a439e8e13ae703a4369d0f"
                  },
                  {
                    "internal_type": "BitmapModule",
                    "internal_title": "Rain",
                    "internal_toggles": {
                      "bitmap_alpha": 10
                    },
                    "internal_formulas": {
                      "bitmap_alpha": "$if(gv(icon)\u003drain, 100, 0)$"
                    },
                    "bitmap_bitmap": "kfile://org.kustom.provider/bitmaps/IMG75505af54ff1d1edef0240db5752dc91"
                  },
                  {
                    "internal_type": "BitmapModule",
                    "internal_title": "Showers Day",
                    "internal_toggles": {
                      "bitmap_alpha": 10
                    },
                    "internal_formulas": {
                      "bitmap_alpha": "$if(gv(icon)\u003dshower \u0026 (ai(isday)\u003d1 | gv(nightico)\u003d0), 100, 0)$"
                    },
                    "bitmap_bitmap": "kfile://org.kustom.provider/bitmaps/IMGd3ee8fc87335857ea46dd3f8c84089b3"
                  },
                  {
                    "internal_type": "BitmapModule",
                    "internal_title": "Showers Night",
                    "internal_toggles": {
                      "bitmap_alpha": 10
                    },
                    "internal_formulas": {
                      "bitmap_alpha": "$if(gv(icon)\u003dshower \u0026 (ai(isday)\u003d0 \u0026 gv(nightico)\u003d1), 100, 0)$"
                    },
                    "bitmap_bitmap": "kfile://org.kustom.provider/bitmaps/IMG36541472a906db4db56473eafbec6c34",
                    "bitmap_width": 100.0
                  },
                  {
                    "internal_type": "BitmapModule",
                    "internal_title": "Sleet Day",
                    "internal_toggles": {
                      "bitmap_alpha": 10
                    },
                    "internal_formulas": {
                      "bitmap_alpha": "$if(gv(icon)\u003dsleet \u0026 (ai(isday)\u003d1 | gv(nightico)\u003d0), 100, 0)$"
                    },
                    "bitmap_bitmap": "kfile://org.kustom.provider/bitmaps/IMGc5cbd48e9fcc0c4a7d2a573612fda13c"
                  },
                  {
                    "internal_type": "BitmapModule",
                    "internal_title": "Sleet Night",
                    "internal_toggles": {
                      "bitmap_alpha": 10
                    },
                    "internal_formulas": {
                      "bitmap_alpha": "$if(gv(icon)\u003dsleet \u0026 (ai(isday)\u003d0 \u0026 gv(nightico)\u003d1), 100, 0)$"
                    },
                    "bitmap_bitmap": "kfile://org.kustom.provider/bitmaps/IMGc5cbd48e9fcc0c4a7d2a573612fda13c"
                  },
                  {
                    "internal_type": "BitmapModule",
                    "internal_title": "Snow Day",
                    "internal_toggles": {
                      "bitmap_alpha": 10
                    },
                    "internal_formulas": {
                      "bitmap_alpha": "$if(gv(icon)\u003dsnow \u0026 (ai(isday)\u003d1 | gv(nightico)\u003d0), 100, 0)$"
                    },
                    "bitmap_bitmap": "kfile://org.kustom.provider/bitmaps/IMGf28bd376719c735bb03eaaeb3f35a247"
                  },
                  {
                    "internal_type": "BitmapModule",
                    "internal_title": "Snow Night",
                    "internal_toggles": {
                      "bitmap_alpha": 10
                    },
                    "internal_formulas": {
                      "bitmap_alpha": "$if(gv(icon)\u003dsnow \u0026 (ai(isday)\u003d0 \u0026 gv(nightico)\u003d1), 100, 0)$"
                    },
                    "bitmap_bitmap": "kfile://org.kustom.provider/bitmaps/IMG3d86d4fee8ef97be41d4663b3221a05f"
                  },
                  {
                    "internal_type": "BitmapModule",
                    "internal_title": "Tornado",
                    "internal_toggles": {
                      "bitmap_alpha": 10
                    },
                    "internal_formulas": {
                      "bitmap_alpha": "$if(gv(icon)\u003dtornado, 100, 0)$"
                    },
                    "bitmap_bitmap": "kfile://org.kustom.provider/bitmaps/IMG4d7940e825eb8e598058ee958454f07f"
                  },
                  {
                    "internal_type": "BitmapModule",
                    "internal_title": "Thunder Shower Day",
                    "internal_toggles": {
                      "bitmap_alpha": 10
                    },
                    "internal_formulas": {
                      "bitmap_alpha": "$if(gv(icon)\u003dtshower \u0026 (ai(isday)\u003d1 | gv(nightico)\u003d0), 100, 0)$"
                    },
                    "bitmap_bitmap": "kfile://org.kustom.provider/bitmaps/IMGff5ac6961a9bafba31b3efb040c0b003"
                  },
                  {
                    "internal_type": "BitmapModule",
                    "internal_title": "Thunder Shower Night",
                    "internal_toggles": {
                      "bitmap_alpha": 10
                    },
                    "internal_formulas": {
                      "bitmap_alpha": "$if(gv(icon)\u003dtshower \u0026 (ai(isday)\u003d0 \u0026 gv(nightico)\u003d1), 100, 0)$"
                    },
                    "bitmap_bitmap": "kfile://org.kustom.provider/bitmaps/IMG83cfb11a7823ace2a95718d9bff22b1a"
                  },
                  {
                    "internal_type": "BitmapModule",
                    "internal_title": "Thunderstorm",
                    "internal_toggles": {
                      "bitmap_alpha": 10
                    },
                    "internal_formulas": {
                      "bitmap_alpha": "$if(gv(icon)\u003dtstorm, 100, 0)$"
                    },
                    "bitmap_bitmap": "kfile://org.kustom.provider/bitmaps/IMG2ef7e485ccafef7354ad6b051a7173bb"
                  },
                  {
                    "internal_type": "BitmapModule",
                    "internal_title": "Unknown",
                    "internal_toggles": {
                      "bitmap_alpha": 10
                    },
                    "internal_formulas": {
                      "bitmap_alpha": "$if(gv(icon)\u003dunknown, 100, 0)$"
                    },
                    "bitmap_bitmap": "kfile://org.kustom.provider/bitmaps/IMGfcc96c2bc690d18d2a7098c197684715"
                  },
                  {
                    "internal_type": "BitmapModule",
                    "internal_title": "Windy Day",
                    "internal_toggles": {
                      "bitmap_alpha": 10
                    },
                    "internal_formulas": {
                      "bitmap_alpha": "$if(gv(icon)\u003dwindy \u0026 (ai(isday)\u003d1 | gv(nightico)\u003d0), 100, 0)$"
                    },
                    "bitmap_bitmap": "kfile://org.kustom.provider/bitmaps/IMG4d7940e825eb8e598058ee958454f07f"
                  },
                  {
                    "internal_type": "BitmapModule",
                    "internal_title": "Windy Night",
                    "internal_toggles": {
                      "bitmap_alpha": 10
                    },
                    "internal_formulas": {
                      "bitmap_alpha": "$if(gv(icon)\u003dwindy \u0026 (ai(isday)\u003d0 \u0026 gv(nightico)\u003d1), 100, 0)$"
                    },
                    "bitmap_bitmap": "kfile://org.kustom.provider/bitmaps/IMG4d7940e825eb8e598058ee958454f07f"
                  }
                ]
              }
            ]
          },
          {
            "internal_type": "TextModule",
            "position_padding_left": 0.0,
            "position_padding_right": 0.0,
            "position_padding_top": 0.0,
            "position_padding_bottom": 100.0,
            "text_expression": "i",
            "text_size": 280.0,
            "text_family": "kfile://org.kustom.provider/fonts/NexaRustExtras-Free.otf"
          },
          {
            "internal_type": "TextModule",
            "position_offset_x": 0.0,
            "text_expression": "$tc(up, df(EEE))$",
            "text_size": 105.0,
            "text_family": "kfile://org.kustom.provider/fonts/Santanelli-PERSONAL-USE-ONLY-Medium.otf",
            "position_padding_left": 0.0,
            "position_padding_right": 0.0,
            "position_padding_top": 250.0,
            "position_padding_bottom": 0.0,
            "paint_stroke": 2.0
          },
          {
            "internal_type": "TextModule",
            "position_padding_left": 0.0,
            "position_padding_right": 175.0,
            "position_padding_bottom": 200.0,
            "text_expression": "$df(d )$",
            "text_size": 140.0,
            "text_family": "kfile://org.kustom.provider/fonts/MiamiShades.ttf"
          },
          {
            "internal_type": "TextModule",
            "text_expression": "$df(MMMM)$",
            "text_size": 60.0,
            "text_rotate_mode": "MANUAL",
            "text_rotate_offset": 340.0,
            "text_family": "kfile://org.kustom.provider/fonts/master_of_break.otf",
            "paint_color": "#FFF37F53"
          },
          {
            "internal_type": "TextModule",
            "position_padding_top": 400.0,
            "position_padding_bottom": 0.0,
            "text_size": 26.0,
            "text_family": "kfile://org.kustom.provider/fonts/Kontanter-Bold.otf"
          }
        ]
      },
      {
        "internal_type": "OverlapLayerModule",
        "position_offset_y": 0.0,
        "internal_toggles": {
          "config_visible": 10
        },
        "internal_formulas": {
          "config_visible": "$if(gv(deer) \u003d 0, ALWAYS, NEVER)$"
        },
        "internal_events": [
          {
            "action": "SWITCH_GLOBAL",
            "switch": "deer"
          }
        ],
        "viewgroup_items": [
          {
            "internal_type": "TextModule",
            "position_padding_left": 0.0,
            "position_padding_right": 75.0,
            "position_padding_top": 0.0,
            "position_padding_bottom": 25.0,
            "text_expression": "j",
            "text_size": 360.0,
            "text_family": "kfile://org.kustom.provider/fonts/WWWolfSpirit.ttf"
          },
          {
            "internal_type": "KomponentModule",
            "internal_title": "Supreme Weather",
            "globals_list": {
              "icon": {
                "index": 1,
                "type": "LIST",
                "title": "Icon",
                "entries": "\"$wi(icon)$\"##Current,\"$wf(icon, 0)$\"##Today Forecast,\"$wf(icon, 1)$\"##Tomorrow Forecast,\"$wf(icon, 2)$\"##2 Days Forecast,\"$wf(icon, 3)$\"##3 Days Forecast,\"$wf(icon, 4)$\"##4 Days Forecast,\"$wf(icon, 5)$\"##5 Days Forecast,\"$wf(icon, 6)$\"##6 Days Forecast,\"$wf(icon, 7)$\"##7 Days Forecast,\"$wf(icon, 8)$\"##8 Days Forecast,\"$wf(icon, 9)$\"##9 Days Forecast",
                "value": "$wi(icon)$"
              },
              "nightico": {
                "index": 2,
                "type": "SWITCH",
                "title": "NightIco",
                "value": 1
              },
              "scale": {
                "index": 3,
                "type": "NUMBER",
                "title": "Scale",
                "min": 20,
                "max": 500,
                "value": 81.0
              }
            },
            "position_padding_right": 0.0,
            "position_padding_top": 100.0,
            "position_offset_x": 0.0,
            "position_offset_y": 0.0,
            "config_scale_value": 100.0,
            "internal_description": "bitmap weather",
            "internal_toggles": {
              "config_scale_value": 100
            },
            "internal_globals": {
              "config_scale_value": "scale"
            },
            "position_padding_left": 225.0,
            "internal_locked": "true",
            "viewgroup_items": [
              {
                "internal_type": "OverlapLayerModule",
                "internal_title": "Bitmaps",
                "internal_toggles": {
                  "config_scale_value": 0
                },
                "internal_globals": {
                  "config_scale_value": "scale"
                },
                "viewgroup_items": [
                  {
                    "internal_type": "BitmapModule",
                    "internal_title": "Clear Day",
                    "internal_toggles": {
                      "bitmap_alpha": 10
                    },
                    "internal_formulas": {
                      "bitmap_alpha": "$if(gv(icon)\u003dclear \u0026 (ai(isday)\u003d1 | gv(nightico)\u003d0), 100, 0)$"
                    },
                    "bitmap_bitmap": "kfile://org.kustom.provider/bitmaps/IMG3123c0f93800d442192005bee4e302ec"
                  },
                  {
                    "internal_type": "BitmapModule",
                    "internal_title": "Clear Night",
                    "internal_toggles": {
                      "bitmap_alpha": 10
                    },
                    "internal_formulas": {
                      "bitmap_alpha": "$if(gv(icon)\u003dclear \u0026 (ai(isday)\u003d0 \u0026 gv(nightico)\u003d1), 100, 0)$"
                    },
                    "bitmap_bitmap": "kfile://org.kustom.provider/bitmaps/IMG19bab3cff3ff4c5e01f4753ecc13c2cb"
                  },
                  {
                    "internal_type": "BitmapModule",
                    "internal_title": "Fog Day",
                    "internal_toggles": {
                      "bitmap_alpha": 10
                    },
                    "internal_formulas": {
                      "bitmap_alpha": "$if(gv(icon)\u003dfog \u0026 (ai(isday)\u003d1 | gv(nightico)\u003d0), 100, 0)$"
                    },
                    "bitmap_bitmap": "kfile://org.kustom.provider/bitmaps/IMG4d7940e825eb8e598058ee958454f07f"
                  },
                  {
                    "internal_type": "BitmapModule",
                    "internal_title": "Fog Night",
                    "internal_toggles": {
                      "bitmap_alpha": 10
                    },
                    "internal_formulas": {
                      "bitmap_alpha": "$if(gv(icon)\u003dfog \u0026 (ai(isday)\u003d0 \u0026 gv(nightico)\u003d1), 100, 0)$"
                    },
                    "bitmap_bitmap": "kfile://org.kustom.provider/bitmaps/IMG4d7940e825eb8e598058ee958454f07f"
                  },
                  {
                    "internal_type": "BitmapModule",
                    "internal_title": "Hail Day",
                    "internal_toggles": {
                      "bitmap_alpha": 10
                    },
                    "internal_formulas": {
                      "bitmap_alpha": "$if(gv(icon)\u003dhail \u0026 (ai(isday)\u003d1 | gv(nightico)\u003d0), 100, 0)$"
                    },
                    "bitmap_bitmap": "kfile://org.kustom.provider/bitmaps/IMGc5cbd48e9fcc0c4a7d2a573612fda13c"
                  },
                  {
                    "internal_type": "BitmapModule",
                    "internal_title": "Hail Night",
                    "internal_toggles": {
                      "bitmap_alpha": 10
                    },
                    "internal_formulas": {
                      "bitmap_alpha": "$if(gv(icon)\u003dhail \u0026 (ai(isday)\u003d0 \u0026 gv(nightico)\u003d1), 100, 0)$"
                    },
                    "bitmap_bitmap": "kfile://org.kustom.provider/bitmaps/IMGc5cbd48e9fcc0c4a7d2a573612fda13c"
                  },
                  {
                    "internal_type": "BitmapModule",
                    "internal_title": "Light Snow Day",
                    "internal_toggles": {
                      "bitmap_alpha": 10
                    },
                    "internal_formulas": {
                      "bitmap_alpha": "$if(gv(icon)\u003dlsnow \u0026 (ai(isday)\u003d1 | gv(nightico)\u003d0), 100, 0)$"
                    },
                    "bitmap_bitmap": "kfile://org.kustom.provider/bitmaps/IMGf28bd376719c735bb03eaaeb3f35a247"
                  },
                  {
                    "internal_type": "BitmapModule",
                    "internal_title": "Light Snow Night",
                    "internal_toggles": {
                      "bitmap_alpha": 10
                    },
                    "internal_formulas": {
                      "bitmap_alpha": "$if(gv(icon)\u003dlsnow \u0026 (ai(isday)\u003d0 \u0026 gv(nightico)\u003d1), 100, 0)$"
                    },
                    "bitmap_bitmap": "kfile://org.kustom.provider/bitmaps/IMG3d86d4fee8ef97be41d4663b3221a05f"
                  },
                  {
                    "internal_type": "BitmapModule",
                    "internal_title": "Mostly Cloudy Day",
                    "internal_toggles": {
                      "bitmap_alpha": 10
                    },
                    "internal_formulas": {
                      "bitmap_alpha": "$if(gv(icon)\u003dmcloudy \u0026 (ai(isday)\u003d1 | gv(nightico)\u003d0), 100, 0)$"
                    },
                    "bitmap_bitmap": "kfile://org.kustom.provider/bitmaps/IMGc97f6d118f2b130da59d2c08d3c791cb"
                  },
                  {
                    "internal_type": "BitmapModule",
                    "internal_title": "Mostly Cloudy Night",
                    "internal_toggles": {
                      "bitmap_alpha": 10
                    },
                    "internal_formulas": {
                      "bitmap_alpha": "$if(gv(icon)\u003dmcloudy \u0026 (ai(isday)\u003d0 \u0026 gv(nightico)\u003d1), 100, 0)$"
                    },
                    "bitmap_bitmap": "kfile://org.kustom.provider/bitmaps/IMG5e5fabb898b7388f397f2649642997a"
                  },
                  {
                    "internal_type": "BitmapModule",
                    "internal_title": "Partly Cloudy Day",
                    "internal_toggles": {
                      "bitmap_alpha": 10
                    },
                    "internal_formulas": {
                      "bitmap_alpha": "$if(gv(icon)\u003dpcloudy \u0026 (ai(isday)\u003d1 | gv(nightico)\u003d0), 100, 0)$"
                    },
                    "bitmap_bitmap": "kfile://org.kustom.provider/bitmaps/IMG47172b0baa0dafa920337866b1967a86"
                  },
                  {
                    "internal_type": "BitmapModule",
                    "internal_title": "Partly Cloudy Night",
                    "internal_toggles": {
                      "bitmap_alpha": 10
                    },
                    "internal_formulas": {
                      "bitmap_alpha": "$if(gv(icon)\u003dpcloudy \u0026 (ai(isday)\u003d0 \u0026 gv(nightico)\u003d1), 100, 0)$"
                    },
                    "bitmap_bitmap": "kfile://org.kustom.provider/bitmaps/IMG16f611c705a439e8e13ae703a4369d0f"
                  },
                  {
                    "internal_type": "BitmapModule",
                    "internal_title": "Rain",
                    "internal_toggles": {
                      "bitmap_alpha": 10
                    },
                    "internal_formulas": {
                      "bitmap_alpha": "$if(gv(icon)\u003drain, 100, 0)$"
                    },
                    "bitmap_bitmap": "kfile://org.kustom.provider/bitmaps/IMG75505af54ff1d1edef0240db5752dc91"
                  },
                  {
                    "internal_type": "BitmapModule",
                    "internal_title": "Showers Day",
                    "internal_toggles": {
                      "bitmap_alpha": 10
                    },
                    "internal_formulas": {
                      "bitmap_alpha": "$if(gv(icon)\u003dshower \u0026 (ai(isday)\u003d1 | gv(nightico)\u003d0), 100, 0)$"
                    },
                    "bitmap_bitmap": "kfile://org.kustom.provider/bitmaps/IMGd3ee8fc87335857ea46dd3f8c84089b3"
                  },
                  {
                    "internal_type": "BitmapModule",
                    "internal_title": "Showers Night",
                    "internal_toggles": {
                      "bitmap_alpha": 10
                    },
                    "internal_formulas": {
                      "bitmap_alpha": "$if(gv(icon)\u003dshower \u0026 (ai(isday)\u003d0 \u0026 gv(nightico)\u003d1), 100, 0)$"
                    },
                    "bitmap_bitmap": "kfile://org.kustom.provider/bitmaps/IMG36541472a906db4db56473eafbec6c34",
                    "bitmap_width": 100.0
                  },
                  {
                    "internal_type": "BitmapModule",
                    "internal_title": "Sleet Day",
                    "internal_toggles": {
                      "bitmap_alpha": 10
                    },
                    "internal_formulas": {
                      "bitmap_alpha": "$if(gv(icon)\u003dsleet \u0026 (ai(isday)\u003d1 | gv(nightico)\u003d0), 100, 0)$"
                    },
                    "bitmap_bitmap": "kfile://org.kustom.provider/bitmaps/IMGc5cbd48e9fcc0c4a7d2a573612fda13c"
                  },
                  {
                    "internal_type": "BitmapModule",
                    "internal_title": "Sleet Night",
                    "internal_toggles": {
                      "bitmap_alpha": 10
                    },
                    "internal_formulas": {
                      "bitmap_alpha": "$if(gv(icon)\u003dsleet \u0026 (ai(isday)\u003d0 \u0026 gv(nightico)\u003d1), 100, 0)$"
                    },
                    "bitmap_bitmap": "kfile://org.kustom.provider/bitmaps/IMGc5cbd48e9fcc0c4a7d2a573612fda13c"
                  },
                  {
                    "internal_type": "BitmapModule",
                    "internal_title": "Snow Day",
                    "internal_toggles": {
                      "bitmap_alpha": 10
                    },
                    "internal_formulas": {
                      "bitmap_alpha": "$if(gv(icon)\u003dsnow \u0026 (ai(isday)\u003d1 | gv(nightico)\u003d0), 100, 0)$"
                    },
                    "bitmap_bitmap": "kfile://org.kustom.provider/bitmaps/IMGf28bd376719c735bb03eaaeb3f35a247"
                  },
                  {
                    "internal_type": "BitmapModule",
                    "internal_title": "Snow Night",
                    "internal_toggles": {
                      "bitmap_alpha": 10
                    },
                    "internal_formulas": {
                      "bitmap_alpha": "$if(gv(icon)\u003dsnow \u0026 (ai(isday)\u003d0 \u0026 gv(nightico)\u003d1), 100, 0)$"
                    },
                    "bitmap_bitmap": "kfile://org.kustom.provider/bitmaps/IMG3d86d4fee8ef97be41d4663b3221a05f"
                  },
                  {
                    "internal_type": "BitmapModule",
                    "internal_title": "Tornado",
                    "internal_toggles": {
                      "bitmap_alpha": 10
                    },
                    "internal_formulas": {
                      "bitmap_alpha": "$if(gv(icon)\u003dtornado, 100, 0)$"
                    },
                    "bitmap_bitmap": "kfile://org.kustom.provider/bitmaps/IMG4d7940e825eb8e598058ee958454f07f"
                  },
                  {
                    "internal_type": "BitmapModule",
                    "internal_title": "Thunder Shower Day",
                    "internal_toggles": {
                      "bitmap_alpha": 10
                    },
                    "internal_formulas": {
                      "bitmap_alpha": "$if(gv(icon)\u003dtshower \u0026 (ai(isday)\u003d1 | gv(nightico)\u003d0), 100, 0)$"
                    },
                    "bitmap_bitmap": "kfile://org.kustom.provider/bitmaps/IMGff5ac6961a9bafba31b3efb040c0b003"
                  },
                  {
                    "internal_type": "BitmapModule",
                    "internal_title": "Thunder Shower Night",
                    "internal_toggles": {
                      "bitmap_alpha": 10
                    },
                    "internal_formulas": {
                      "bitmap_alpha": "$if(gv(icon)\u003dtshower \u0026 (ai(isday)\u003d0 \u0026 gv(nightico)\u003d1), 100, 0)$"
                    },
                    "bitmap_bitmap": "kfile://org.kustom.provider/bitmaps/IMG83cfb11a7823ace2a95718d9bff22b1a"
                  },
                  {
                    "internal_type": "BitmapModule",
                    "internal_title": "Thunderstorm",
                    "internal_toggles": {
                      "bitmap_alpha": 10
                    },
                    "internal_formulas": {
                      "bitmap_alpha": "$if(gv(icon)\u003dtstorm, 100, 0)$"
                    },
                    "bitmap_bitmap": "kfile://org.kustom.provider/bitmaps/IMG2ef7e485ccafef7354ad6b051a7173bb"
                  },
                  {
                    "internal_type": "BitmapModule",
                    "internal_title": "Unknown",
                    "internal_toggles": {
                      "bitmap_alpha": 10
                    },
                    "internal_formulas": {
                      "bitmap_alpha": "$if(gv(icon)\u003dunknown, 100, 0)$"
                    },
                    "bitmap_bitmap": "kfile://org.kustom.provider/bitmaps/IMGfcc96c2bc690d18d2a7098c197684715"
                  },
                  {
                    "internal_type": "BitmapModule",
                    "internal_title": "Windy Day",
                    "internal_toggles": {
                      "bitmap_alpha": 10
                    },
                    "internal_formulas": {
                      "bitmap_alpha": "$if(gv(icon)\u003dwindy \u0026 (ai(isday)\u003d1 | gv(nightico)\u003d0), 100, 0)$"
                    },
                    "bitmap_bitmap": "kfile://org.kustom.provider/bitmaps/IMG4d7940e825eb8e598058ee958454f07f"
                  },
                  {
                    "internal_type": "BitmapModule",
                    "internal_title": "Windy Night",
                    "internal_toggles": {
                      "bitmap_alpha": 10
                    },
                    "internal_formulas": {
                      "bitmap_alpha": "$if(gv(icon)\u003dwindy \u0026 (ai(isday)\u003d0 \u0026 gv(nightico)\u003d1), 100, 0)$"
                    },
                    "bitmap_bitmap": "kfile://org.kustom.provider/bitmaps/IMG4d7940e825eb8e598058ee958454f07f"
                  }
                ]
              }
            ]
          },
          {
            "internal_type": "TextModule",
            "position_offset_x": 0.0,
            "text_expression": "$tc(up, df(EEE))$",
            "text_size": 105.0,
            "text_family": "kfile://org.kustom.provider/fonts/Santanelli-PERSONAL-USE-ONLY-Medium.otf",
            "position_padding_left": 0.0,
            "position_padding_right": 0.0,
            "position_padding_top": 250.0,
            "position_padding_bottom": 0.0,
            "paint_stroke": 2.0
          },
          {
            "internal_type": "TextModule",
            "position_padding_left": 0.0,
            "position_padding_right": 175.0,
            "position_padding_bottom": 200.0,
            "text_expression": "$df(d )$",
            "text_size": 140.0,
            "text_family": "kfile://org.kustom.provider/fonts/MiamiShades.ttf"
          },
          {
            "internal_type": "TextModule",
            "text_expression": "$df(MMMM)$",
            "text_size": 60.0,
            "text_rotate_mode": "MANUAL",
            "text_rotate_offset": 340.0,
            "text_family": "kfile://org.kustom.provider/fonts/master_of_break.otf",
            "paint_color": "#FFE83A3A"
          },
          {
            "internal_type": "TextModule",
            "position_padding_top": 400.0,
            "position_padding_bottom": 0.0,
            "text_size": 26.0,
            "text_family": "kfile://org.kustom.provider/fonts/Kontanter-Bold.otf"
          }
        ]
      }
    ]
  }
}