{
  "preset_info": {
    "version": 10,
    "title": "line date",
    "description": "line date",
    "author": "edwin macalopu",
    "email": "khiwendz@gmail.com",
    "width": 762,
    "height": 533,
    "xscreens": 4,
    "features": "",
    "release": 320626309,
    "locked": false
  },
  "preset_root": {
    "internal_events": [
      {
        "action": "DISABLED"
      }
    ],
    "internal_type": "RootLayerModule",
    "globals_list": {
      "ner": {
        "index": 1,
        "type": "SWITCH",
        "title": "ner",
        "value": 0
      }
    },
    "viewgroup_items": [
      {
        "internal_type": "OverlapLayerModule",
        "internal_toggles": {
          "config_visible": 10
        },
        "internal_formulas": {
          "config_visible": "$if(gv(ner) \u003d 1, ALWAYS, NEVER)$"
        },
        "internal_events": [
          {
            "action": "SWITCH_GLOBAL",
            "switch": "ner"
          }
        ],
        "viewgroup_items": [
          {
            "internal_type": "TextModule",
            "position_padding_top": 0.0,
            "position_padding_bottom": 150.0,
            "text_expression": "$df(EEE)$",
            "text_size": 100.0,
            "text_family": "kfile://org.kustom.provider/fonts/Continental Railway.ttf"
          },
          {
            "internal_type": "TextModule",
            "position_padding_top": 25.0,
            "position_padding_bottom": 0.0,
            "text_size": 23.0,
            "text_family": "kfile://org.kustom.provider/fonts/Ailerons-Typeface.otf"
          },
          {
            "internal_type": "ShapeModule",
            "position_padding_bottom": 100.0,
            "shape_type": "RECT",
            "shape_width": 200.0,
            "shape_height": 221.0,
            "shape_corners": 2.0,
            "paint_style": "STROKE"
          },
          {
            "internal_type": "TextModule",
            "position_padding_top": 225.0,
            "position_padding_bottom": 0.0,
            "text_expression": "$df(d MMM yyyy)$",
            "text_size": 40.0,
            "text_family": "kfile://org.kustom.provider/fonts/EVERAFTE.TTF"
          }
        ]
      },
      {
        "internal_type": "OverlapLayerModule",
        "internal_toggles": {
          "config_visible": 10
        },
        "internal_formulas": {
          "config_visible": "$if(gv(ner) \u003d 0, ALWAYS, NEVER)$"
        },
        "internal_events": [
          {
            "action": "SWITCH_GLOBAL",
            "switch": "ner"
          }
        ],
        "viewgroup_items": [
          {
            "internal_type": "ShapeModule",
            "position_padding_bottom": 123.0,
            "shape_type": "RECT",
            "shape_width": 280.0,
            "shape_height": 10.0,
            "paint_color": "#FF3D5AFE"
          },
          {
            "internal_type": "TextModule",
            "position_padding_top": 0.0,
            "position_padding_bottom": 150.0,
            "text_expression": "$df(EEE)$",
            "text_size": 100.0,
            "text_family": "kfile://org.kustom.provider/fonts/Continental Railway.ttf"
          },
          {
            "internal_type": "TextModule",
            "position_padding_top": 25.0,
            "position_padding_bottom": 0.0,
            "text_size": 23.0,
            "text_family": "kfile://org.kustom.provider/fonts/Ailerons-Typeface.otf"
          },
          {
            "internal_type": "TextModule",
            "position_padding_top": 225.0,
            "position_padding_bottom": 0.0,
            "text_expression": "$df(d MMM yyyy)$",
            "text_size": 40.0,
            "text_family": "kfile://org.kustom.provider/fonts/EVERAFTE.TTF"
          }
        ]
      }
    ]
  }
}