{
  "preset_info": {
    "version": 10,
    "title": "google shourts",
    "description": "google",
    "author": "edwin macalopu",
    "email": "khiwends@gmail.com",
    "width": 762,
    "height": 533,
    "xscreens": 4,
    "features": "",
    "release": 320626309,
    "locked": false
  },
  "preset_root": {
    "internal_events": [
      {
        "action": "KUSTOM_ACTION"
      }
    ],
    "internal_type": "RootLayerModule",
    "globals_list": {
      "shourts": {
        "index": 1,
        "type": "SWITCH",
        "title": "shourts",
        "value": 1
      }
    },
    "viewgroup_items": [
      {
        "internal_type": "OverlapLayerModule",
        "position_offset_x": -160.0,
        "position_offset_y": 113.0,
        "internal_events": [
          {
            "action": "SWITCH_GLOBAL",
            "switch": "shourts"
          }
        ],
        "viewgroup_items": [
          {
            "internal_type": "ShapeModule",
            "shape_type": "CIRCLE",
            "shape_width": 90.0
          },
          {
            "internal_type": "BitmapModule",
            "bitmap_bitmap": "kfile://org.kustom.provider/bitmaps/IMG3fc47cbbc4a4d7e8225ffe9d942234e7",
            "bitmap_width": 70.0
          }
        ]
      },
      {
        "internal_type": "OverlapLayerModule",
        "position_offset_x": -20.0,
        "internal_toggles": {
          "config_visible": 10
        },
        "internal_formulas": {
          "config_visible": "$if(gv(shourts) \u003d 0, ALWAYS, NEVER)$"
        },
        "internal_events": [
          {
            "action": "LAUNCH_ACTIVITY",
            "intent": "intent:#Intent;component\u003dcom.google.android.googlequicksearchbox/.VoiceSearchActivity;S.org.kustom.intent.label\u003dB%C3%BAsqueda%20por%20voz;end"
          }
        ],
        "viewgroup_items": [
          {
            "internal_type": "ShapeModule",
            "shape_type": "RECT",
            "shape_width": 360.0,
            "shape_height": 75.0,
            "shape_corners": 80
          },
          {
            "internal_type": "FontIconModule",
            "position_padding_left": 0.0,
            "position_padding_right": 275.0,
            "icon_size": 40.0,
            "icon_icon": "mic",
            "paint_color": "#FF3B3B3B"
          },
          {
            "internal_type": "TextModule",
            "position_padding_left": 0.0,
            "position_padding_right": 75.0,
            "text_expression": "voice search",
            "paint_color": "#FF303030",
            "text_size": 23.0
          },
          {
            "internal_type": "FontIconModule",
            "position_padding_left": 250.0,
            "position_padding_right": 0.0,
            "icon_size": 40.0,
            "icon_icon": "drag_handle",
            "paint_color": "#FF2D2D2D"
          },
          {
            "internal_type": "ShapeModule",
            "position_padding_left": 0.0,
            "position_padding_right": 270.0,
            "position_padding_top": 59.0,
            "shape_type": "ARC",
            "shape_width": 20.0,
            "shape_height": 40.0,
            "shape_angle": 75.0
          }
        ]
      },
      {
        "internal_type": "OverlapLayerModule",
        "position_offset_x": -20.0,
        "position_offset_y": -100.0,
        "internal_toggles": {
          "config_visible": 10
        },
        "internal_formulas": {
          "config_visible": "$if(gv(shourts) \u003d 0, ALWAYS, NEVER)$"
        },
        "internal_events": [
          {
            "action": "LAUNCH_ACTIVITY",
            "intent": "intent:#Intent;component\u003dcom.google.android.googlequicksearchbox/.SearchActivity;S.org.kustom.intent.label\u003dGoogle;end"
          }
        ],
        "viewgroup_items": [
          {
            "internal_type": "ShapeModule",
            "shape_type": "RECT",
            "shape_width": 360.0,
            "shape_height": 75.0,
            "shape_corners": 80
          },
          {
            "internal_type": "FontIconModule",
            "position_padding_left": 0.0,
            "position_padding_right": 275.0,
            "icon_size": 40.0,
            "icon_icon": "search",
            "paint_color": "#FF3B3B3B"
          },
          {
            "internal_type": "TextModule",
            "position_padding_left": 0.0,
            "position_padding_right": 85.0,
            "text_expression": "type search",
            "paint_color": "#FF303030",
            "text_size": 23.0
          },
          {
            "internal_type": "FontIconModule",
            "position_padding_left": 250.0,
            "position_padding_right": 0.0,
            "icon_size": 40.0,
            "icon_icon": "drag_handle",
            "paint_color": "#FF2D2D2D"
          }
        ]
      }
    ]
  }
}