{
  "preset_info": {
    "version": 10,
    "title": "coron_label",
    "description": "label coron",
    "author": "edwin macalopu",
    "email": "khiwendz@gmail.com",
    "width": 762,
    "height": 534,
    "xscreens": 4,
    "features": "",
    "release": 320626309,
    "locked": false
  },
  "preset_root": {
    "internal_events": [
      {
        "action": "KUSTOM_ACTION"
      }
    ],
    "internal_type": "RootLayerModule",
    "globals_list": {
      "coron": {
        "index": 1,
        "type": "SWITCH",
        "title": "coron",
        "value": 0
      }
    },
    "viewgroup_items": [
      {
        "internal_type": "OverlapLayerModule",
        "internal_toggles": {
          "config_visible": 10
        },
        "internal_formulas": {
          "config_visible": "$if(gv(coron) \u003d 1, ALWAYS, NEVER)$"
        },
        "internal_events": [
          {
            "action": "SWITCH_GLOBAL",
            "switch": "coron"
          }
        ],
        "position_offset_y": -40.0,
        "viewgroup_items": [
          {
            "internal_type": "ShapeModule",
            "shape_type": "EXAGON",
            "shape_width": 260.0,
            "shape_height": 260.0
          },
          {
            "internal_type": "TextModule",
            "position_padding_right": 0.0,
            "position_padding_top": 0.0,
            "position_padding_bottom": 25.0,
            "text_expression": "a",
            "text_size": 120.0,
            "text_family": "kfile://org.kustom.provider/fonts/MONARCHB.TTF",
            "paint_mode": "CLEAR"
          },
          {
            "internal_type": "TextModule",
            "position_padding_top": 325.0,
            "position_padding_bottom": 0.0,
            "text_expression": "$df(EEEE)$",
            "text_size": 60.0,
            "text_family": "kfile://org.kustom.provider/fonts/KrinkesDecorPERSONAL.ttf"
          },
          {
            "internal_type": "TextModule",
            "position_padding_right": 350.0,
            "position_padding_top": 150.0,
            "text_expression": "n",
            "text_size": 120.0,
            "text_rotate_mode": "MANUAL",
            "text_rotate_offset": 345,
            "text_family": "kfile://org.kustom.provider/fonts/Madina Ornaments.ttf",
            "paint_color": "#FFFFFF00"
          },
          {
            "internal_type": "TextModule",
            "position_padding_right": 0.0,
            "position_padding_top": 150.0,
            "text_expression": "N",
            "text_size": 120.0,
            "text_family": "kfile://org.kustom.provider/fonts/Madina Ornaments.ttf",
            "paint_color": "#FFFFFF00",
            "position_padding_left": 350.0,
            "text_rotate_mode": "MANUAL",
            "text_rotate_offset": 15.0
          }
        ]
      },
      {
        "internal_type": "OverlapLayerModule",
        "position_offset_y": -40.0,
        "internal_toggles": {
          "config_visible": 10
        },
        "internal_formulas": {
          "config_visible": "$if(gv(coron) \u003d 0, ALWAYS, NEVER)$"
        },
        "internal_events": [
          {
            "action": "SWITCH_GLOBAL",
            "switch": "coron"
          }
        ],
        "viewgroup_items": [
          {
            "internal_type": "ShapeModule",
            "shape_type": "EXAGON",
            "shape_width": 260.0,
            "shape_height": 260.0,
            "paint_color": "#FF181818",
            "fx_gradient": "HORIZONTAL",
            "fx_gradient_color": "#FF0C101D",
            "fx_gradient_width": 93,
            "fx_gradient_offset": 76
          },
          {
            "internal_type": "TextModule",
            "position_padding_right": 0.0,
            "position_padding_top": 0.0,
            "position_padding_bottom": 25.0,
            "text_expression": "a",
            "text_size": 120.0,
            "text_family": "kfile://org.kustom.provider/fonts/MONARCHB.TTF",
            "paint_mode": "CLEAR"
          },
          {
            "internal_type": "TextModule",
            "position_padding_top": 325.0,
            "position_padding_bottom": 0.0,
            "text_expression": "$df(EEEE)$",
            "text_size": 60.0,
            "text_family": "kfile://org.kustom.provider/fonts/KrinkesDecorPERSONAL.ttf"
          },
          {
            "internal_type": "TextModule",
            "position_padding_right": 350.0,
            "position_padding_top": 150.0,
            "text_expression": "n",
            "text_size": 120.0,
            "text_rotate_mode": "MANUAL",
            "text_rotate_offset": 345,
            "text_family": "kfile://org.kustom.provider/fonts/Madina Ornaments.ttf",
            "paint_color": "#FFFF1744"
          },
          {
            "internal_type": "TextModule",
            "position_padding_right": 0.0,
            "position_padding_top": 150.0,
            "text_expression": "N",
            "text_size": 120.0,
            "text_family": "kfile://org.kustom.provider/fonts/Madina Ornaments.ttf",
            "paint_color": "#FFFF1744",
            "position_padding_left": 350.0,
            "text_rotate_mode": "MANUAL",
            "text_rotate_offset": 15.0
          }
        ]
      }
    ]
  }
}