{
  "preset_info": {
    "version": 10,
    "title": "clock_date_fe",
    "description": "clock date fe",
    "author": "edwin macalopu",
    "email": "khiwendz@gmail.com",
    "width": 762,
    "height": 533,
    "xscreens": 4,
    "features": "",
    "release": 320626309,
    "locked": false
  },
  "preset_root": {
    "internal_events": [
      {
        "action": "DISABLED"
      }
    ],
    "internal_type": "RootLayerModule",
    "globals_list": {
      "shi": {
        "index": 1,
        "type": "SWITCH",
        "title": "shi",
        "value": 1
      }
    },
    "viewgroup_items": [
      {
        "internal_type": "OverlapLayerModule",
        "position_offset_y": -60.0,
        "internal_toggles": {
          "config_visible": 10
        },
        "internal_formulas": {
          "config_visible": "$if(gv(shi) \u003d 1, ALWAYS, NEVER)$"
        },
        "internal_events": [
          {
            "action": "SWITCH_GLOBAL",
            "switch": "shi"
          }
        ],
        "viewgroup_items": [
          {
            "internal_type": "TextModule",
            "text_expression": "$df(EEEE)$",
            "text_size": 70.0,
            "text_family": "kfile://org.kustom.provider/fonts/Elrotex.ttf"
          },
          {
            "internal_type": "TextModule",
            "position_padding_right": 0.0,
            "position_padding_top": 150.0,
            "text_expression": "t",
            "text_size": 100.0,
            "text_family": "kfile://org.kustom.provider/fonts/ElrotexSwash.ttf",
            "paint_color": "#FFF44336"
          },
          {
            "internal_type": "TextModule",
            "text_expression": "$df(h:mm)$",
            "text_size": 50.0,
            "text_family": "kfile://org.kustom.provider/fonts/Elrotex.ttf",
            "position_padding_right": 0.0,
            "position_padding_top": 300.0,
            "position_padding_bottom": 0.0
          }
        ]
      },
      {
        "internal_type": "OverlapLayerModule",
        "position_offset_y": -60.0,
        "internal_toggles": {
          "config_visible": 10
        },
        "internal_formulas": {
          "config_visible": "$if(gv(shi) \u003d 0, ALWAYS, NEVER)$"
        },
        "internal_events": [
          {
            "action": "SWITCH_GLOBAL",
            "switch": "shi"
          }
        ],
        "viewgroup_items": [
          {
            "internal_type": "TextModule",
            "text_expression": "$df(EEEE)$",
            "text_size": 70.0,
            "text_family": "kfile://org.kustom.provider/fonts/Elrotex.ttf"
          },
          {
            "internal_type": "TextModule",
            "position_padding_right": 0.0,
            "position_padding_top": 150.0,
            "text_expression": "t",
            "text_size": 100.0,
            "text_family": "kfile://org.kustom.provider/fonts/ElrotexSwash.ttf",
            "paint_color": "#FFF44336"
          },
          {
            "internal_type": "TextModule",
            "text_expression": "$df(d MMM yyyy)$",
            "text_size": 50.0,
            "text_family": "kfile://org.kustom.provider/fonts/Elrotex.ttf",
            "position_padding_right": 0.0,
            "position_padding_top": 300.0,
            "position_padding_bottom": 0.0
          }
        ]
      }
    ]
  }
}