{
  "preset_info": {
    "version": 10,
    "title": "miui weather",
    "description": "weather miui",
    "author": "edwin macalopu",
    "email": "khiwendz@gmail.com",
    "width": 1080,
    "height": 727,
    "xscreens": 4,
    "features": "LOCATION WEATHER",
    "release": 320626309,
    "locked": false
  },
  "preset_root": {
    "internal_events": [
      {
        "action": "KUSTOM_ACTION"
      }
    ],
    "internal_type": "RootLayerModule",
    "globals_list": {
      "weather": {
        "index": 1,
        "type": "SWITCH",
        "title": "weather",
        "value": 1
      }
    },
    "viewgroup_items": [
      {
        "internal_type": "OverlapLayerModule",
        "internal_toggles": {
          "config_visible": 0
        },
        "internal_formulas": {
          "config_visible": ""
        },
        "internal_events": [
          {
            "action": "SWITCH_GLOBAL",
            "switch": "weather"
          },
          {
            "action": "KUSTOM_ACTION",
            "kustom_action": "WEATHER_UPDATE"
          }
        ],
        "viewgroup_items": [
          {
            "internal_type": "BitmapModule",
            "bitmap_bitmap": "kfile://org.kustom.provider/bitmaps/IMGa2e50fa550a965909ca02e49428043d9",
            "bitmap_width": 850.0
          },
          {
            "internal_type": "OverlapLayerModule",
            "position_padding_left": 0.0,
            "position_padding_right": 450.0,
            "position_padding_bottom": 225.0,
            "viewgroup_items": [
              {
                "internal_type": "TextModule",
                "text_expression": "$wi(temp)$°",
                "text_size": 120.0,
                "text_family": "kfile://org.kustom.provider/fonts/Roboto-Thin.ttf"
              },
              {
                "internal_type": "TextModule",
                "position_padding_left": 50.0,
                "position_padding_right": 75.0,
                "position_padding_top": 150.0,
                "position_padding_bottom": 0.0,
                "text_expression": "$li(country)$",
                "text_family": "kfile://org.kustom.provider/fonts/Roboto-Light.ttf"
              }
            ]
          },
          {
            "internal_type": "OverlapLayerModule",
            "viewgroup_items": [
              {
                "internal_type": "TextModule",
                "position_padding_left": 0.0,
                "position_padding_right": 500.0,
                "position_padding_top": 300.0,
                "position_padding_bottom": 0.0,
                "text_expression": "humidity",
                "text_size": 25.0,
                "text_family": "kfile://org.kustom.provider/fonts/Roboto-Light.ttf"
              },
              {
                "internal_type": "TextModule",
                "position_padding_left": 0.0,
                "position_padding_right": 500.0,
                "position_padding_top": 400.0,
                "position_padding_bottom": 0.0,
                "text_expression": "$wi(hum)$%",
                "text_size": 25.0,
                "text_family": "kfile://org.kustom.provider/fonts/Roboto-Light.ttf"
              },
              {
                "internal_type": "ShapeModule",
                "position_padding_left": 0.0,
                "position_padding_right": 300.0,
                "position_padding_top": 350.0,
                "position_padding_bottom": 0.0,
                "shape_type": "RECT",
                "shape_width": 1.0,
                "shape_height": 80.0
              },
              {
                "internal_type": "TextModule",
                "position_padding_left": 0.0,
                "position_padding_right": 50.0,
                "position_padding_top": 400.0,
                "position_padding_bottom": 0.0,
                "text_expression": "$wi(press)$mbar",
                "text_size": 25.0,
                "text_family": "kfile://org.kustom.provider/fonts/Roboto-Light.ttf"
              },
              {
                "internal_type": "TextModule",
                "position_padding_left": 0.0,
                "position_padding_right": 50.0,
                "position_padding_top": 300.0,
                "position_padding_bottom": 0.0,
                "text_expression": "pressure",
                "text_size": 25.0,
                "text_family": "kfile://org.kustom.provider/fonts/Roboto-Light.ttf"
              },
              {
                "internal_type": "ShapeModule",
                "position_padding_left": 200.0,
                "position_padding_right": 0.0,
                "position_padding_top": 350.0,
                "position_padding_bottom": 0.0,
                "shape_type": "RECT",
                "shape_width": 1.0,
                "shape_height": 80.0
              },
              {
                "globals_list": {
                  "icon": {
                    "value": "$wi(icon)$",
                    "entries": "\"$wi(icon)$\"##Current,\"$wf(icon, 0)$\"##Today Forecast,\"$wf(icon, 1)$\"##Tomorrow Forecast,\"$wf(icon, 2)$\"##2 Days Forecast,\"$wf(icon, 3)$\"##3 Days Forecast,\"$wf(icon, 4)$\"##4 Days Forecast,\"$wf(icon, 5)$\"##5 Days Forecast,\"$wf(icon, 6)$\"##6 Days Forecast,\"$wf(icon, 7)$\"##7 Days Forecast,\"$wf(icon, 8)$\"##8 Days Forecast,\"$wf(icon, 9)$\"##9 Days Forecast",
                    "index": 1,
                    "title": "Icon",
                    "type": "LIST"
                  },
                  "scale": {
                    "min": 20,
                    "value": 40.0,
                    "index": 3,
                    "title": "Scale",
                    "max": 500,
                    "type": "NUMBER"
                  },
                  "nightico": {
                    "type": "SWITCH",
                    "value": 1,
                    "index": 2,
                    "title": "NightIco"
                  }
                },
                "internal_type": "KomponentModule",
                "internal_title": "Google Now Weather",
                "internal_locked": "true",
                "internal_author_name": "J. Amourette ",
                "position_padding_left": 475.0,
                "position_padding_top": 400.0,
                "viewgroup_items": [
                  {
                    "internal_type": "OverlapLayerModule",
                    "internal_toggles": {
                      "config_scale_value": 100
                    },
                    "internal_globals": {
                      "config_scale_value": "scale"
                    },
                    "internal_title": "Bitmaps",
                    "viewgroup_items": [
                      {
                        "internal_toggles": {
                          "bitmap_alpha": 10
                        },
                        "internal_formulas": {
                          "bitmap_alpha": "$if(gv(icon)\u003dclear \u0026 (ai(isday)\u003d1 | gv(nightico)\u003d0), 100, 0)$"
                        },
                        "bitmap_bitmap": "kfile://org.kustom.provider/bitmaps/IMGb8334845a31d81c652a277f768b7579f",
                        "internal_type": "BitmapModule",
                        "internal_title": "Clear Day"
                      },
                      {
                        "internal_toggles": {
                          "bitmap_alpha": 10
                        },
                        "internal_formulas": {
                          "bitmap_alpha": "$if(gv(icon)\u003dclear \u0026 (ai(isday)\u003d0 \u0026 gv(nightico)\u003d1), 100, 0)$"
                        },
                        "bitmap_bitmap": "kfile://org.kustom.provider/bitmaps/IMGa026565c363b3663f1671ba4e03acd10",
                        "internal_type": "BitmapModule",
                        "internal_title": "Clear Night"
                      },
                      {
                        "internal_toggles": {
                          "bitmap_alpha": 10
                        },
                        "internal_formulas": {
                          "bitmap_alpha": "$if(gv(icon)\u003dfog \u0026 (ai(isday)\u003d1 | gv(nightico)\u003d0), 100, 0)$"
                        },
                        "bitmap_bitmap": "kfile://org.kustom.provider/bitmaps/IMG9377ffb122afc64d9d0c462bc9b00ff1",
                        "internal_type": "BitmapModule",
                        "internal_title": "Fog Day"
                      },
                      {
                        "internal_toggles": {
                          "bitmap_alpha": 10
                        },
                        "internal_formulas": {
                          "bitmap_alpha": "$if(gv(icon)\u003dfog \u0026 (ai(isday)\u003d0 \u0026 gv(nightico)\u003d1), 100, 0)$"
                        },
                        "bitmap_bitmap": "kfile://org.kustom.provider/bitmaps/IMG9377ffb122afc64d9d0c462bc9b00ff1",
                        "internal_type": "BitmapModule",
                        "internal_title": "Fog Night"
                      },
                      {
                        "internal_toggles": {
                          "bitmap_alpha": 10
                        },
                        "internal_formulas": {
                          "bitmap_alpha": "$if(gv(icon)\u003dhail \u0026 (ai(isday)\u003d1 | gv(nightico)\u003d0), 100, 0)$"
                        },
                        "bitmap_bitmap": "kfile://org.kustom.provider/bitmaps/IMGeaea0579ec5efd1873179f3c22f8f469",
                        "internal_type": "BitmapModule",
                        "internal_title": "Hail Day"
                      },
                      {
                        "internal_toggles": {
                          "bitmap_alpha": 10
                        },
                        "internal_formulas": {
                          "bitmap_alpha": "$if(gv(icon)\u003dhail \u0026 (ai(isday)\u003d0 \u0026 gv(nightico)\u003d1), 100, 0)$"
                        },
                        "bitmap_bitmap": "kfile://org.kustom.provider/bitmaps/IMGeaea0579ec5efd1873179f3c22f8f469",
                        "internal_type": "BitmapModule",
                        "internal_title": "Hail Night"
                      },
                      {
                        "internal_toggles": {
                          "bitmap_alpha": 10
                        },
                        "internal_formulas": {
                          "bitmap_alpha": "$if(gv(icon)\u003dlsnow \u0026 (ai(isday)\u003d1 | gv(nightico)\u003d0), 100, 0)$"
                        },
                        "bitmap_bitmap": "kfile://org.kustom.provider/bitmaps/IMGeaea0579ec5efd1873179f3c22f8f469",
                        "internal_type": "BitmapModule",
                        "internal_title": "Light Snow Day"
                      },
                      {
                        "internal_toggles": {
                          "bitmap_alpha": 10
                        },
                        "internal_formulas": {
                          "bitmap_alpha": "$if(gv(icon)\u003dlsnow \u0026 (ai(isday)\u003d0 \u0026 gv(nightico)\u003d1), 100, 0)$"
                        },
                        "bitmap_bitmap": "kfile://org.kustom.provider/bitmaps/IMGeaea0579ec5efd1873179f3c22f8f469",
                        "internal_type": "BitmapModule",
                        "internal_title": "Light Snow Night"
                      },
                      {
                        "internal_toggles": {
                          "bitmap_alpha": 10
                        },
                        "internal_formulas": {
                          "bitmap_alpha": "$if(gv(icon)\u003dmcloudy, 100, 0)$"
                        },
                        "bitmap_bitmap": "kfile://org.kustom.provider/bitmaps/IMG553637436e348e1fb7e014f5972259f0",
                        "internal_type": "BitmapModule",
                        "internal_title": "Mostly Cloudy"
                      },
                      {
                        "internal_toggles": {
                          "bitmap_alpha": 10
                        },
                        "internal_formulas": {
                          "bitmap_alpha": "$if(gv(icon)\u003dpcloudy \u0026 (ai(isday)\u003d1 | gv(nightico)\u003d0), 100, 0)$"
                        },
                        "bitmap_bitmap": "kfile://org.kustom.provider/bitmaps/IMG54e5de01e09aa5fab27134f455d326fb",
                        "internal_type": "BitmapModule",
                        "internal_title": "Partly Cloudy Day"
                      },
                      {
                        "internal_toggles": {
                          "bitmap_alpha": 10
                        },
                        "internal_formulas": {
                          "bitmap_alpha": "$if(gv(icon)\u003dpcloudy \u0026 (ai(isday)\u003d0 \u0026 gv(nightico)\u003d1), 100, 0)$"
                        },
                        "bitmap_bitmap": "kfile://org.kustom.provider/bitmaps/IMGb810f85ece91a7c9a4b8e5b239c768ed",
                        "internal_type": "BitmapModule",
                        "internal_title": "Partly Cloudy Night"
                      },
                      {
                        "internal_toggles": {
                          "bitmap_alpha": 10
                        },
                        "internal_formulas": {
                          "bitmap_alpha": "$if(gv(icon)\u003drain, 100, 0)$"
                        },
                        "bitmap_bitmap": "kfile://org.kustom.provider/bitmaps/IMGe4c8b146ed50860cb55b318bea6c2e26",
                        "internal_type": "BitmapModule",
                        "internal_title": "Rain"
                      },
                      {
                        "internal_toggles": {
                          "bitmap_alpha": 10
                        },
                        "internal_formulas": {
                          "bitmap_alpha": "$if(gv(icon)\u003dshower \u0026 (ai(isday)\u003d1 | gv(nightico)\u003d0), 100, 0)$"
                        },
                        "bitmap_bitmap": "kfile://org.kustom.provider/bitmaps/IMG34e96acc50ef51326db368fd48d11976",
                        "internal_type": "BitmapModule",
                        "internal_title": "Showers Day"
                      },
                      {
                        "internal_toggles": {
                          "bitmap_alpha": 10
                        },
                        "internal_formulas": {
                          "bitmap_alpha": "$if(gv(icon)\u003dshower \u0026 (ai(isday)\u003d0 \u0026 gv(nightico)\u003d1), 100, 0)$"
                        },
                        "bitmap_bitmap": "kfile://org.kustom.provider/bitmaps/IMG34e96acc50ef51326db368fd48d11976",
                        "internal_type": "BitmapModule",
                        "internal_title": "Showers Night"
                      },
                      {
                        "internal_toggles": {
                          "bitmap_alpha": 10
                        },
                        "internal_formulas": {
                          "bitmap_alpha": "$if(gv(icon)\u003dsleet \u0026 (ai(isday)\u003d1 | gv(nightico)\u003d0), 100, 0)$"
                        },
                        "bitmap_bitmap": "kfile://org.kustom.provider/bitmaps/IMG35a20f0fcb34826fb77be05cfacb87c3",
                        "internal_type": "BitmapModule",
                        "internal_title": "Sleet Day"
                      },
                      {
                        "internal_toggles": {
                          "bitmap_alpha": 10
                        },
                        "internal_formulas": {
                          "bitmap_alpha": "$if(gv(icon)\u003dsleet \u0026 (ai(isday)\u003d0 \u0026 gv(nightico)\u003d1), 100, 0)$"
                        },
                        "bitmap_bitmap": "kfile://org.kustom.provider/bitmaps/IMG35a20f0fcb34826fb77be05cfacb87c3",
                        "internal_type": "BitmapModule",
                        "internal_title": "Sleet Night"
                      },
                      {
                        "internal_toggles": {
                          "bitmap_alpha": 10
                        },
                        "internal_formulas": {
                          "bitmap_alpha": "$if(gv(icon)\u003dsnow \u0026 (ai(isday)\u003d1 | gv(nightico)\u003d0), 100, 0)$"
                        },
                        "bitmap_bitmap": "kfile://org.kustom.provider/bitmaps/IMGeaea0579ec5efd1873179f3c22f8f469",
                        "internal_type": "BitmapModule",
                        "internal_title": "Snow Day"
                      },
                      {
                        "internal_toggles": {
                          "bitmap_alpha": 10
                        },
                        "internal_formulas": {
                          "bitmap_alpha": "$if(gv(icon)\u003dsnow \u0026 (ai(isday)\u003d0 \u0026 gv(nightico)\u003d1), 100, 0)$"
                        },
                        "bitmap_bitmap": "kfile://org.kustom.provider/bitmaps/IMGeaea0579ec5efd1873179f3c22f8f469",
                        "internal_type": "BitmapModule",
                        "internal_title": "Snow Night"
                      },
                      {
                        "internal_toggles": {
                          "bitmap_alpha": 10
                        },
                        "internal_formulas": {
                          "bitmap_alpha": "$if(gv(icon)\u003dtornado, 100, 0)$"
                        },
                        "bitmap_bitmap": "kfile://org.kustom.provider/bitmaps/IMGca022ad2d4b59858f2d69416d07c3f71",
                        "internal_type": "BitmapModule",
                        "internal_title": "Tornado"
                      },
                      {
                        "internal_toggles": {
                          "bitmap_alpha": 10
                        },
                        "internal_formulas": {
                          "bitmap_alpha": "$if(gv(icon)\u003dtshower \u0026 (ai(isday)\u003d1 | gv(nightico)\u003d0), 100, 0)$"
                        },
                        "bitmap_bitmap": "kfile://org.kustom.provider/bitmaps/IMG13590f10e2b2846ceefced5fb007afb3",
                        "internal_type": "BitmapModule",
                        "internal_title": "Thunder Shower Day"
                      },
                      {
                        "internal_toggles": {
                          "bitmap_alpha": 10
                        },
                        "internal_formulas": {
                          "bitmap_alpha": "$if(gv(icon)\u003dtshower \u0026 (ai(isday)\u003d0 \u0026 gv(nightico)\u003d1), 100, 0)$"
                        },
                        "bitmap_bitmap": "kfile://org.kustom.provider/bitmaps/IMG13590f10e2b2846ceefced5fb007afb3",
                        "internal_type": "BitmapModule",
                        "internal_title": "Thunder Shower Night"
                      },
                      {
                        "internal_toggles": {
                          "bitmap_alpha": 10
                        },
                        "internal_formulas": {
                          "bitmap_alpha": "$if(gv(icon)\u003dtstorm, 100, 0)$"
                        },
                        "bitmap_bitmap": "kfile://org.kustom.provider/bitmaps/IMG13590f10e2b2846ceefced5fb007afb3",
                        "internal_type": "BitmapModule",
                        "internal_title": "Thunderstorm"
                      },
                      {
                        "internal_toggles": {
                          "bitmap_alpha": 10
                        },
                        "internal_formulas": {
                          "bitmap_alpha": "$if(gv(icon)\u003dunknown, 100, 0)$"
                        },
                        "bitmap_bitmap": "kfile://org.kustom.provider/bitmaps/IMG56123f0c23ace57722d508fc95252f1c",
                        "internal_type": "BitmapModule",
                        "internal_title": "Unknown"
                      },
                      {
                        "internal_toggles": {
                          "bitmap_alpha": 10
                        },
                        "internal_formulas": {
                          "bitmap_alpha": "$if(gv(icon)\u003dwindy \u0026 (ai(isday)\u003d1 | gv(nightico)\u003d0), 100, 0)$"
                        },
                        "bitmap_bitmap": "kfile://org.kustom.provider/bitmaps/IMGca022ad2d4b59858f2d69416d07c3f71",
                        "internal_type": "BitmapModule",
                        "internal_title": "Windy Day"
                      },
                      {
                        "internal_toggles": {
                          "bitmap_alpha": 10
                        },
                        "internal_formulas": {
                          "bitmap_alpha": "$if(gv(icon)\u003dwindy \u0026 (ai(isday)\u003d0 \u0026 gv(nightico)\u003d1), 100, 0)$"
                        },
                        "bitmap_bitmap": "kfile://org.kustom.provider/bitmaps/IMGca022ad2d4b59858f2d69416d07c3f71",
                        "internal_type": "BitmapModule",
                        "internal_title": "Windy Night"
                      }
                    ]
                  }
                ]
              },
              {
                "internal_type": "TextModule",
                "position_padding_left": 475.0,
                "position_padding_right": 0.0,
                "position_padding_top": 300.0,
                "position_padding_bottom": 0.0,
                "text_expression": "$wi(cond)$",
                "text_size": 25.0,
                "text_family": "kfile://org.kustom.provider/fonts/Roboto-Light.ttf"
              }
            ]
          }
        ]
      },
      {
        "internal_type": "OverlapLayerModule",
        "internal_toggles": {
          "config_visible": 10
        },
        "internal_formulas": {
          "config_visible": "$if(gv(weather) \u003d 0, ALWAYS, NEVER)$"
        },
        "viewgroup_items": [
          {
            "internal_type": "BitmapModule",
            "bitmap_bitmap": "kfile://org.kustom.provider/bitmaps/IMGf3634bfc6968952fa97beae42d98e656",
            "bitmap_width": 850.0
          },
          {
            "internal_type": "OverlapLayerModule",
            "position_padding_left": 0.0,
            "position_padding_right": 450.0,
            "position_padding_bottom": 225.0,
            "viewgroup_items": [
              {
                "internal_type": "TextModule",
                "text_expression": "$wi(temp)$°",
                "text_size": 120.0,
                "text_family": "kfile://org.kustom.provider/fonts/Roboto-Thin.ttf"
              },
              {
                "internal_type": "TextModule",
                "position_padding_left": 50.0,
                "position_padding_right": 75.0,
                "position_padding_top": 150.0,
                "position_padding_bottom": 0.0,
                "text_expression": "$li(country)$",
                "text_family": "kfile://org.kustom.provider/fonts/Roboto-Light.ttf"
              }
            ]
          },
          {
            "internal_type": "OverlapLayerModule",
            "viewgroup_items": [
              {
                "internal_type": "TextModule",
                "position_padding_left": 0.0,
                "position_padding_right": 500.0,
                "position_padding_top": 300.0,
                "position_padding_bottom": 0.0,
                "text_expression": "humidity",
                "text_size": 25.0,
                "text_family": "kfile://org.kustom.provider/fonts/Roboto-Light.ttf"
              },
              {
                "internal_type": "TextModule",
                "position_padding_left": 0.0,
                "position_padding_right": 500.0,
                "position_padding_top": 400.0,
                "position_padding_bottom": 0.0,
                "text_expression": "$wi(hum)$%",
                "text_size": 25.0,
                "text_family": "kfile://org.kustom.provider/fonts/Roboto-Light.ttf"
              },
              {
                "internal_type": "ShapeModule",
                "position_padding_left": 0.0,
                "position_padding_right": 300.0,
                "position_padding_top": 350.0,
                "position_padding_bottom": 0.0,
                "shape_type": "RECT",
                "shape_width": 1.0,
                "shape_height": 80.0
              },
              {
                "internal_type": "TextModule",
                "position_padding_left": 0.0,
                "position_padding_right": 50.0,
                "position_padding_top": 400.0,
                "position_padding_bottom": 0.0,
                "text_expression": "$wi(press)$mbar",
                "text_size": 25.0,
                "text_family": "kfile://org.kustom.provider/fonts/Roboto-Light.ttf"
              },
              {
                "internal_type": "TextModule",
                "position_padding_left": 0.0,
                "position_padding_right": 50.0,
                "position_padding_top": 300.0,
                "position_padding_bottom": 0.0,
                "text_expression": "pressure",
                "text_size": 25.0,
                "text_family": "kfile://org.kustom.provider/fonts/Roboto-Light.ttf"
              },
              {
                "internal_type": "ShapeModule",
                "position_padding_left": 200.0,
                "position_padding_right": 0.0,
                "position_padding_top": 350.0,
                "position_padding_bottom": 0.0,
                "shape_type": "RECT",
                "shape_width": 1.0,
                "shape_height": 80.0
              },
              {
                "globals_list": {
                  "icon": {
                    "value": "$wi(icon)$",
                    "entries": "\"$wi(icon)$\"##Current,\"$wf(icon, 0)$\"##Today Forecast,\"$wf(icon, 1)$\"##Tomorrow Forecast,\"$wf(icon, 2)$\"##2 Days Forecast,\"$wf(icon, 3)$\"##3 Days Forecast,\"$wf(icon, 4)$\"##4 Days Forecast,\"$wf(icon, 5)$\"##5 Days Forecast,\"$wf(icon, 6)$\"##6 Days Forecast,\"$wf(icon, 7)$\"##7 Days Forecast,\"$wf(icon, 8)$\"##8 Days Forecast,\"$wf(icon, 9)$\"##9 Days Forecast",
                    "index": 1,
                    "title": "Icon",
                    "type": "LIST"
                  },
                  "scale": {
                    "min": 20,
                    "value": 40.0,
                    "index": 3,
                    "title": "Scale",
                    "max": 500,
                    "type": "NUMBER"
                  },
                  "nightico": {
                    "type": "SWITCH",
                    "value": 1,
                    "index": 2,
                    "title": "NightIco"
                  }
                },
                "internal_type": "KomponentModule",
                "internal_title": "Google Now Weather",
                "internal_locked": "true",
                "internal_author_name": "J. Amourette ",
                "position_padding_left": 475.0,
                "position_padding_top": 400.0,
                "viewgroup_items": [
                  {
                    "internal_type": "OverlapLayerModule",
                    "internal_toggles": {
                      "config_scale_value": 100
                    },
                    "internal_globals": {
                      "config_scale_value": "scale"
                    },
                    "internal_title": "Bitmaps",
                    "viewgroup_items": [
                      {
                        "internal_toggles": {
                          "bitmap_alpha": 10
                        },
                        "internal_formulas": {
                          "bitmap_alpha": "$if(gv(icon)\u003dclear \u0026 (ai(isday)\u003d1 | gv(nightico)\u003d0), 100, 0)$"
                        },
                        "bitmap_bitmap": "kfile://org.kustom.provider/bitmaps/IMGb8334845a31d81c652a277f768b7579f",
                        "internal_type": "BitmapModule",
                        "internal_title": "Clear Day"
                      },
                      {
                        "internal_toggles": {
                          "bitmap_alpha": 10
                        },
                        "internal_formulas": {
                          "bitmap_alpha": "$if(gv(icon)\u003dclear \u0026 (ai(isday)\u003d0 \u0026 gv(nightico)\u003d1), 100, 0)$"
                        },
                        "bitmap_bitmap": "kfile://org.kustom.provider/bitmaps/IMGa026565c363b3663f1671ba4e03acd10",
                        "internal_type": "BitmapModule",
                        "internal_title": "Clear Night"
                      },
                      {
                        "internal_toggles": {
                          "bitmap_alpha": 10
                        },
                        "internal_formulas": {
                          "bitmap_alpha": "$if(gv(icon)\u003dfog \u0026 (ai(isday)\u003d1 | gv(nightico)\u003d0), 100, 0)$"
                        },
                        "bitmap_bitmap": "kfile://org.kustom.provider/bitmaps/IMG9377ffb122afc64d9d0c462bc9b00ff1",
                        "internal_type": "BitmapModule",
                        "internal_title": "Fog Day"
                      },
                      {
                        "internal_toggles": {
                          "bitmap_alpha": 10
                        },
                        "internal_formulas": {
                          "bitmap_alpha": "$if(gv(icon)\u003dfog \u0026 (ai(isday)\u003d0 \u0026 gv(nightico)\u003d1), 100, 0)$"
                        },
                        "bitmap_bitmap": "kfile://org.kustom.provider/bitmaps/IMG9377ffb122afc64d9d0c462bc9b00ff1",
                        "internal_type": "BitmapModule",
                        "internal_title": "Fog Night"
                      },
                      {
                        "internal_toggles": {
                          "bitmap_alpha": 10
                        },
                        "internal_formulas": {
                          "bitmap_alpha": "$if(gv(icon)\u003dhail \u0026 (ai(isday)\u003d1 | gv(nightico)\u003d0), 100, 0)$"
                        },
                        "bitmap_bitmap": "kfile://org.kustom.provider/bitmaps/IMGeaea0579ec5efd1873179f3c22f8f469",
                        "internal_type": "BitmapModule",
                        "internal_title": "Hail Day"
                      },
                      {
                        "internal_toggles": {
                          "bitmap_alpha": 10
                        },
                        "internal_formulas": {
                          "bitmap_alpha": "$if(gv(icon)\u003dhail \u0026 (ai(isday)\u003d0 \u0026 gv(nightico)\u003d1), 100, 0)$"
                        },
                        "bitmap_bitmap": "kfile://org.kustom.provider/bitmaps/IMGeaea0579ec5efd1873179f3c22f8f469",
                        "internal_type": "BitmapModule",
                        "internal_title": "Hail Night"
                      },
                      {
                        "internal_toggles": {
                          "bitmap_alpha": 10
                        },
                        "internal_formulas": {
                          "bitmap_alpha": "$if(gv(icon)\u003dlsnow \u0026 (ai(isday)\u003d1 | gv(nightico)\u003d0), 100, 0)$"
                        },
                        "bitmap_bitmap": "kfile://org.kustom.provider/bitmaps/IMGeaea0579ec5efd1873179f3c22f8f469",
                        "internal_type": "BitmapModule",
                        "internal_title": "Light Snow Day"
                      },
                      {
                        "internal_toggles": {
                          "bitmap_alpha": 10
                        },
                        "internal_formulas": {
                          "bitmap_alpha": "$if(gv(icon)\u003dlsnow \u0026 (ai(isday)\u003d0 \u0026 gv(nightico)\u003d1), 100, 0)$"
                        },
                        "bitmap_bitmap": "kfile://org.kustom.provider/bitmaps/IMGeaea0579ec5efd1873179f3c22f8f469",
                        "internal_type": "BitmapModule",
                        "internal_title": "Light Snow Night"
                      },
                      {
                        "internal_toggles": {
                          "bitmap_alpha": 10
                        },
                        "internal_formulas": {
                          "bitmap_alpha": "$if(gv(icon)\u003dmcloudy, 100, 0)$"
                        },
                        "bitmap_bitmap": "kfile://org.kustom.provider/bitmaps/IMG553637436e348e1fb7e014f5972259f0",
                        "internal_type": "BitmapModule",
                        "internal_title": "Mostly Cloudy"
                      },
                      {
                        "internal_toggles": {
                          "bitmap_alpha": 10
                        },
                        "internal_formulas": {
                          "bitmap_alpha": "$if(gv(icon)\u003dpcloudy \u0026 (ai(isday)\u003d1 | gv(nightico)\u003d0), 100, 0)$"
                        },
                        "bitmap_bitmap": "kfile://org.kustom.provider/bitmaps/IMG54e5de01e09aa5fab27134f455d326fb",
                        "internal_type": "BitmapModule",
                        "internal_title": "Partly Cloudy Day"
                      },
                      {
                        "internal_toggles": {
                          "bitmap_alpha": 10
                        },
                        "internal_formulas": {
                          "bitmap_alpha": "$if(gv(icon)\u003dpcloudy \u0026 (ai(isday)\u003d0 \u0026 gv(nightico)\u003d1), 100, 0)$"
                        },
                        "bitmap_bitmap": "kfile://org.kustom.provider/bitmaps/IMGb810f85ece91a7c9a4b8e5b239c768ed",
                        "internal_type": "BitmapModule",
                        "internal_title": "Partly Cloudy Night"
                      },
                      {
                        "internal_toggles": {
                          "bitmap_alpha": 10
                        },
                        "internal_formulas": {
                          "bitmap_alpha": "$if(gv(icon)\u003drain, 100, 0)$"
                        },
                        "bitmap_bitmap": "kfile://org.kustom.provider/bitmaps/IMGe4c8b146ed50860cb55b318bea6c2e26",
                        "internal_type": "BitmapModule",
                        "internal_title": "Rain"
                      },
                      {
                        "internal_toggles": {
                          "bitmap_alpha": 10
                        },
                        "internal_formulas": {
                          "bitmap_alpha": "$if(gv(icon)\u003dshower \u0026 (ai(isday)\u003d1 | gv(nightico)\u003d0), 100, 0)$"
                        },
                        "bitmap_bitmap": "kfile://org.kustom.provider/bitmaps/IMG34e96acc50ef51326db368fd48d11976",
                        "internal_type": "BitmapModule",
                        "internal_title": "Showers Day"
                      },
                      {
                        "internal_toggles": {
                          "bitmap_alpha": 10
                        },
                        "internal_formulas": {
                          "bitmap_alpha": "$if(gv(icon)\u003dshower \u0026 (ai(isday)\u003d0 \u0026 gv(nightico)\u003d1), 100, 0)$"
                        },
                        "bitmap_bitmap": "kfile://org.kustom.provider/bitmaps/IMG34e96acc50ef51326db368fd48d11976",
                        "internal_type": "BitmapModule",
                        "internal_title": "Showers Night"
                      },
                      {
                        "internal_toggles": {
                          "bitmap_alpha": 10
                        },
                        "internal_formulas": {
                          "bitmap_alpha": "$if(gv(icon)\u003dsleet \u0026 (ai(isday)\u003d1 | gv(nightico)\u003d0), 100, 0)$"
                        },
                        "bitmap_bitmap": "kfile://org.kustom.provider/bitmaps/IMG35a20f0fcb34826fb77be05cfacb87c3",
                        "internal_type": "BitmapModule",
                        "internal_title": "Sleet Day"
                      },
                      {
                        "internal_toggles": {
                          "bitmap_alpha": 10
                        },
                        "internal_formulas": {
                          "bitmap_alpha": "$if(gv(icon)\u003dsleet \u0026 (ai(isday)\u003d0 \u0026 gv(nightico)\u003d1), 100, 0)$"
                        },
                        "bitmap_bitmap": "kfile://org.kustom.provider/bitmaps/IMG35a20f0fcb34826fb77be05cfacb87c3",
                        "internal_type": "BitmapModule",
                        "internal_title": "Sleet Night"
                      },
                      {
                        "internal_toggles": {
                          "bitmap_alpha": 10
                        },
                        "internal_formulas": {
                          "bitmap_alpha": "$if(gv(icon)\u003dsnow \u0026 (ai(isday)\u003d1 | gv(nightico)\u003d0), 100, 0)$"
                        },
                        "bitmap_bitmap": "kfile://org.kustom.provider/bitmaps/IMGeaea0579ec5efd1873179f3c22f8f469",
                        "internal_type": "BitmapModule",
                        "internal_title": "Snow Day"
                      },
                      {
                        "internal_toggles": {
                          "bitmap_alpha": 10
                        },
                        "internal_formulas": {
                          "bitmap_alpha": "$if(gv(icon)\u003dsnow \u0026 (ai(isday)\u003d0 \u0026 gv(nightico)\u003d1), 100, 0)$"
                        },
                        "bitmap_bitmap": "kfile://org.kustom.provider/bitmaps/IMGeaea0579ec5efd1873179f3c22f8f469",
                        "internal_type": "BitmapModule",
                        "internal_title": "Snow Night"
                      },
                      {
                        "internal_toggles": {
                          "bitmap_alpha": 10
                        },
                        "internal_formulas": {
                          "bitmap_alpha": "$if(gv(icon)\u003dtornado, 100, 0)$"
                        },
                        "bitmap_bitmap": "kfile://org.kustom.provider/bitmaps/IMGca022ad2d4b59858f2d69416d07c3f71",
                        "internal_type": "BitmapModule",
                        "internal_title": "Tornado"
                      },
                      {
                        "internal_toggles": {
                          "bitmap_alpha": 10
                        },
                        "internal_formulas": {
                          "bitmap_alpha": "$if(gv(icon)\u003dtshower \u0026 (ai(isday)\u003d1 | gv(nightico)\u003d0), 100, 0)$"
                        },
                        "bitmap_bitmap": "kfile://org.kustom.provider/bitmaps/IMG13590f10e2b2846ceefced5fb007afb3",
                        "internal_type": "BitmapModule",
                        "internal_title": "Thunder Shower Day"
                      },
                      {
                        "internal_toggles": {
                          "bitmap_alpha": 10
                        },
                        "internal_formulas": {
                          "bitmap_alpha": "$if(gv(icon)\u003dtshower \u0026 (ai(isday)\u003d0 \u0026 gv(nightico)\u003d1), 100, 0)$"
                        },
                        "bitmap_bitmap": "kfile://org.kustom.provider/bitmaps/IMG13590f10e2b2846ceefced5fb007afb3",
                        "internal_type": "BitmapModule",
                        "internal_title": "Thunder Shower Night"
                      },
                      {
                        "internal_toggles": {
                          "bitmap_alpha": 10
                        },
                        "internal_formulas": {
                          "bitmap_alpha": "$if(gv(icon)\u003dtstorm, 100, 0)$"
                        },
                        "bitmap_bitmap": "kfile://org.kustom.provider/bitmaps/IMG13590f10e2b2846ceefced5fb007afb3",
                        "internal_type": "BitmapModule",
                        "internal_title": "Thunderstorm"
                      },
                      {
                        "internal_toggles": {
                          "bitmap_alpha": 10
                        },
                        "internal_formulas": {
                          "bitmap_alpha": "$if(gv(icon)\u003dunknown, 100, 0)$"
                        },
                        "bitmap_bitmap": "kfile://org.kustom.provider/bitmaps/IMG56123f0c23ace57722d508fc95252f1c",
                        "internal_type": "BitmapModule",
                        "internal_title": "Unknown"
                      },
                      {
                        "internal_toggles": {
                          "bitmap_alpha": 10
                        },
                        "internal_formulas": {
                          "bitmap_alpha": "$if(gv(icon)\u003dwindy \u0026 (ai(isday)\u003d1 | gv(nightico)\u003d0), 100, 0)$"
                        },
                        "bitmap_bitmap": "kfile://org.kustom.provider/bitmaps/IMGca022ad2d4b59858f2d69416d07c3f71",
                        "internal_type": "BitmapModule",
                        "internal_title": "Windy Day"
                      },
                      {
                        "internal_toggles": {
                          "bitmap_alpha": 10
                        },
                        "internal_formulas": {
                          "bitmap_alpha": "$if(gv(icon)\u003dwindy \u0026 (ai(isday)\u003d0 \u0026 gv(nightico)\u003d1), 100, 0)$"
                        },
                        "bitmap_bitmap": "kfile://org.kustom.provider/bitmaps/IMGca022ad2d4b59858f2d69416d07c3f71",
                        "internal_type": "BitmapModule",
                        "internal_title": "Windy Night"
                      }
                    ]
                  }
                ]
              },
              {
                "internal_type": "TextModule",
                "position_padding_left": 475.0,
                "position_padding_right": 0.0,
                "position_padding_top": 300.0,
                "position_padding_bottom": 0.0,
                "text_expression": "$wi(cond)$",
                "text_size": 25.0,
                "text_family": "kfile://org.kustom.provider/fonts/Roboto-Light.ttf"
              }
            ]
          }
        ]
      }
    ]
  }
}