{
  "preset_info": {
    "version": 10,
    "title": "director_ap",
    "description": "director_ap",
    "author": "edwin macalopu",
    "email": "khiwendz@gmail.com",
    "width": 540,
    "height": 1017,
    "xscreens": 4,
    "features": "",
    "release": 320626309,
    "locked": false
  },
  "preset_root": {
    "internal_events": [
      {
        "action": "KUSTOM_ACTION"
      }
    ],
    "internal_type": "RootLayerModule",
    "globals_list": {
      "bar": {
        "index": 1,
        "type": "SWITCH",
        "title": "bar",
        "value": 0
      }
    },
    "viewgroup_items": [
      {
        "internal_type": "OverlapLayerModule",
        "position_offset_x": 180.0,
        "internal_events": [
          {
            "action": "SWITCH_GLOBAL",
            "switch": "bar"
          }
        ],
        "viewgroup_items": [
          {
            "internal_type": "ShapeModule",
            "shape_type": "CIRCLE",
            "shape_width": 100.0
          },
          {
            "internal_type": "FontIconModule",
            "position_padding_left": 0.0,
            "position_padding_right": 35.0,
            "icon_icon": "chevron_left",
            "paint_color": "#FF5D5D5D",
            "icon_size": 60.0
          }
        ]
      },
      {
        "internal_type": "OverlapLayerModule",
        "position_offset_x": -100.0,
        "internal_toggles": {
          "config_visible": 10
        },
        "internal_formulas": {
          "config_visible": "$if(gv(bar) \u003d 0, ALWAYS, NEVER)$"
        },
        "internal_title": "Music Group",
        "viewgroup_items": [
          {
            "internal_type": "ShapeModule",
            "shape_type": "CIRCLE",
            "shape_width": 100.0,
            "internal_events": [
              {
                "action": "DISABLED"
              }
            ],
            "fx_shadow": "OUTER",
            "fx_shadow_color": "#63000000",
            "fx_shadow_direction": 270.0,
            "fx_shadow_distance": 2.0,
            "fx_shadow_blur": 50.0
          },
          {
            "internal_type": "FontIconModule",
            "icon_size": 50.0,
            "icon_set": "kfile://org.kustom.provider/icons/material.ttf",
            "icon_icon": "audiotrack",
            "internal_events": [
              {
                "action": "LAUNCH_APP",
                "intent": "intent:#Intent;action\u003dandroid.intent.action.MAIN;category\u003dandroid.intent.category.LAUNCHER;component\u003dcom.spotify.music/.MainActivity;S.org.kustom.intent.label\u003dSpotify;end"
              }
            ],
            "paint_color": "#FF5D5D5D"
          }
        ]
      },
      {
        "internal_type": "OverlapLayerModule",
        "position_offset_x": -40.0,
        "position_offset_y": 160.0,
        "internal_toggles": {
          "config_visible": 10
        },
        "internal_formulas": {
          "config_visible": "$if(gv(bar) \u003d 0, ALWAYS, NEVER)$"
        },
        "internal_title": "Camera Group",
        "viewgroup_items": [
          {
            "internal_type": "ShapeModule",
            "shape_type": "CIRCLE",
            "shape_width": 100.0,
            "internal_events": [
              {
                "action": "DISABLED"
              }
            ]
          },
          {
            "internal_type": "FontIconModule",
            "icon_size": 50.0,
            "icon_set": "kfile://org.kustom.provider/icons/material.ttf",
            "icon_icon": "camera_alt",
            "internal_events": [
              {
                "action": "LAUNCH_APP",
                "intent": "intent:#Intent;action\u003dandroid.intent.action.MAIN;category\u003dandroid.intent.category.LAUNCHER;component\u003dcom.google.android.GoogleCamera/com.android.camera.CameraLauncher;S.org.kustom.intent.label\u003dC%C3%A1mara;end"
              }
            ],
            "paint_color": "#FF5D5D5D"
          }
        ]
      },
      {
        "internal_type": "OverlapLayerModule",
        "position_offset_x": 100.0,
        "position_offset_y": 280.0,
        "internal_toggles": {
          "config_visible": 10
        },
        "internal_formulas": {
          "config_visible": "$if(gv(bar) \u003d 0, ALWAYS, NEVER)$"
        },
        "internal_title": "Gallery Group",
        "viewgroup_items": [
          {
            "internal_type": "ShapeModule",
            "shape_type": "CIRCLE",
            "shape_width": 100.0,
            "internal_events": [
              {
                "action": "DISABLED"
              }
            ]
          },
          {
            "internal_type": "FontIconModule",
            "icon_size": 50.0,
            "icon_set": "kfile://org.kustom.provider/icons/material.ttf",
            "icon_icon": "insert_photo",
            "internal_events": [
              {
                "action": "LAUNCH_APP",
                "intent": "intent:#Intent;action\u003dandroid.intent.action.MAIN;category\u003dandroid.intent.category.LAUNCHER;component\u003dcom.google.android.apps.photos/.home.HomeActivity;S.org.kustom.intent.label\u003dFotos;end"
              }
            ],
            "paint_color": "#FF5D5D5D"
          }
        ]
      },
      {
        "internal_type": "OverlapLayerModule",
        "position_offset_x": -40.0,
        "position_offset_y": -160.0,
        "internal_toggles": {
          "config_visible": 10
        },
        "internal_formulas": {
          "config_visible": "$if(gv(bar) \u003d 0, ALWAYS, NEVER)$"
        },
        "internal_title": "Call Group",
        "viewgroup_items": [
          {
            "internal_type": "ShapeModule",
            "shape_type": "CIRCLE",
            "shape_width": 100.0,
            "internal_events": [
              {
                "action": "DISABLED"
              }
            ]
          },
          {
            "internal_type": "FontIconModule",
            "icon_size": 50.0,
            "icon_set": "kfile://org.kustom.provider/icons/material.ttf",
            "icon_icon": "call",
            "internal_events": [
              {
                "action": "LAUNCH_APP",
                "intent": "intent:#Intent;action\u003dandroid.intent.action.MAIN;category\u003dandroid.intent.category.LAUNCHER;component\u003dcom.android.dialer/.DialtactsActivity;S.org.kustom.intent.label\u003dTel%C3%A9fono;end"
              }
            ],
            "paint_color": "#FF5D5D5D"
          }
        ]
      },
      {
        "internal_type": "OverlapLayerModule",
        "position_offset_x": 100.0,
        "position_offset_y": -280.0,
        "internal_toggles": {
          "config_visible": 10
        },
        "internal_formulas": {
          "config_visible": "$if(gv(bar) \u003d 0, ALWAYS, NEVER)$"
        },
        "internal_title": "Messages Group",
        "viewgroup_items": [
          {
            "internal_type": "ShapeModule",
            "shape_type": "CIRCLE",
            "shape_width": 100.0,
            "internal_events": [
              {
                "action": "DISABLED"
              }
            ]
          },
          {
            "internal_type": "FontIconModule",
            "icon_size": 50.0,
            "icon_set": "kfile://org.kustom.provider/icons/material.ttf",
            "icon_icon": "forum",
            "internal_events": [
              {
                "action": "LAUNCH_APP",
                "intent": "intent:#Intent;action\u003dandroid.intent.action.MAIN;category\u003dandroid.intent.category.LAUNCHER;component\u003dcom.google.android.apps.messaging/.ui.ConversationListActivity;S.org.kustom.intent.label\u003dMessenger;end"
              }
            ],
            "paint_color": "#FF5D5D5D"
          }
        ]
      }
    ]
  }
}