{
  "preset_info": {
    "version": 10,
    "title": "weather_dateMD",
    "description": "weather date MD",
    "author": "edwin macalopu",
    "email": "khiwendz@gmail.com",
    "width": 762,
    "height": 533,
    "xscreens": 4,
    "features": "WEATHER",
    "release": 320626309,
    "locked": false
  },
  "preset_root": {
    "internal_events": [
      {
        "action": "KUSTOM_ACTION"
      }
    ],
    "internal_type": "RootLayerModule",
    "globals_list": {
      "date": {
        "index": 1,
        "type": "SWITCH",
        "title": "date"
      }
    },
    "viewgroup_items": [
      {
        "internal_type": "OverlapLayerModule",
        "position_offset_x": 20.0,
        "internal_events": [
          {
            "action": "SWITCH_GLOBAL",
            "switch": "date"
          }
        ],
        "position_offset_y": -25.0,
        "viewgroup_items": [
          {
            "internal_type": "BitmapModule",
            "position_padding_right": 300.0,
            "position_padding_top": 50.0,
            "position_padding_bottom": 0.0,
            "bitmap_bitmap": "kfile://org.kustom.provider/bitmaps/IMG91bf9a029250a5f9e7d9a340ef6f88c9",
            "bitmap_width": 375.0
          }
        ]
      },
      {
        "internal_type": "OverlapLayerModule",
        "internal_title": "Weather1 Group",
        "position_offset_x": 20.0,
        "position_offset_y": -60.0,
        "viewgroup_items": [
          {
            "internal_type": "ShapeModule",
            "position_padding_left": 50.0,
            "position_padding_right": 0.0,
            "position_padding_bottom": 75.0,
            "shape_type": "CIRCLE",
            "shape_width": 140.0,
            "fx_shadow_color": "#63000000",
            "fx_shadow_direction": 270.0,
            "fx_shadow_distance": 1.0,
            "fx_shadow_blur": 50.0,
            "paint_color": "#FF595959"
          },
          {
            "internal_type": "KomponentModule",
            "internal_title": "Google Now Weather",
            "globals_list": {
              "icon": {
                "index": 1,
                "type": "LIST",
                "title": "Icon",
                "entries": "\"$wi(icon)$\"##Current,\"$wf(icon, 0)$\"##Today Forecast,\"$wf(icon, 1)$\"##Tomorrow Forecast,\"$wf(icon, 2)$\"##2 Days Forecast,\"$wf(icon, 3)$\"##3 Days Forecast,\"$wf(icon, 4)$\"##4 Days Forecast,\"$wf(icon, 5)$\"##5 Days Forecast,\"$wf(icon, 6)$\"##6 Days Forecast,\"$wf(icon, 7)$\"##7 Days Forecast,\"$wf(icon, 8)$\"##8 Days Forecast,\"$wf(icon, 9)$\"##9 Days Forecast",
                "value": "$wi(icon)$"
              },
              "nightico": {
                "index": 2,
                "type": "SWITCH",
                "title": "NightIco",
                "value": 1
              },
              "scale": {
                "index": 3,
                "type": "NUMBER",
                "title": "Scale",
                "min": 20,
                "max": 1000,
                "value": 85.0
              }
            },
            "internal_locked": "true",
            "position_padding_left": 53.0,
            "position_padding_right": 0.0,
            "position_padding_bottom": 78.0,
            "viewgroup_items": [
              {
                "internal_type": "OverlapLayerModule",
                "internal_title": "Bitmaps",
                "internal_toggles": {
                  "config_scale_value": 100
                },
                "internal_globals": {
                  "config_scale_value": "scale"
                },
                "viewgroup_items": [
                  {
                    "internal_type": "BitmapModule",
                    "internal_title": "Clear Day",
                    "internal_toggles": {
                      "bitmap_alpha": 10
                    },
                    "internal_formulas": {
                      "bitmap_alpha": "$if(gv(icon)\u003dclear \u0026 (ai(isday)\u003d1 | gv(nightico)\u003d0), 100, 0)$"
                    },
                    "bitmap_bitmap": "kfile://org.kustom.provider/bitmaps/clear-day.png"
                  },
                  {
                    "internal_type": "BitmapModule",
                    "internal_title": "Clear Night",
                    "internal_toggles": {
                      "bitmap_alpha": 10
                    },
                    "internal_formulas": {
                      "bitmap_alpha": "$if(gv(icon)\u003dclear \u0026 (ai(isday)\u003d0 \u0026 gv(nightico)\u003d1), 100, 0)$"
                    },
                    "bitmap_bitmap": "kfile://org.kustom.provider/bitmaps/clear-night.png"
                  },
                  {
                    "internal_type": "BitmapModule",
                    "internal_title": "Fog Day",
                    "internal_toggles": {
                      "bitmap_alpha": 10
                    },
                    "internal_formulas": {
                      "bitmap_alpha": "$if(gv(icon)\u003dfog \u0026 (ai(isday)\u003d1 | gv(nightico)\u003d0), 100, 0)$"
                    },
                    "bitmap_bitmap": "kfile://org.kustom.provider/bitmaps/fog-day.png"
                  },
                  {
                    "internal_type": "BitmapModule",
                    "internal_title": "Fog Night",
                    "internal_toggles": {
                      "bitmap_alpha": 10
                    },
                    "internal_formulas": {
                      "bitmap_alpha": "$if(gv(icon)\u003dfog \u0026 (ai(isday)\u003d0 \u0026 gv(nightico)\u003d1), 100, 0)$"
                    },
                    "bitmap_bitmap": "kfile://org.kustom.provider/bitmaps/fog-night.png"
                  },
                  {
                    "internal_type": "BitmapModule",
                    "internal_title": "Hail Day",
                    "internal_toggles": {
                      "bitmap_alpha": 10
                    },
                    "internal_formulas": {
                      "bitmap_alpha": "$if(gv(icon)\u003dhail \u0026 (ai(isday)\u003d1 | gv(nightico)\u003d0), 100, 0)$"
                    },
                    "bitmap_bitmap": "kfile://org.kustom.provider/bitmaps/hail-day.png"
                  },
                  {
                    "internal_type": "BitmapModule",
                    "internal_title": "Hail Night",
                    "internal_toggles": {
                      "bitmap_alpha": 10
                    },
                    "internal_formulas": {
                      "bitmap_alpha": "$if(gv(icon)\u003dhail \u0026 (ai(isday)\u003d0 \u0026 gv(nightico)\u003d1), 100, 0)$"
                    },
                    "bitmap_bitmap": "kfile://org.kustom.provider/bitmaps/hail-night.png"
                  },
                  {
                    "internal_type": "BitmapModule",
                    "internal_title": "Light Snow Day",
                    "internal_toggles": {
                      "bitmap_alpha": 10
                    },
                    "internal_formulas": {
                      "bitmap_alpha": "$if(gv(icon)\u003dlsnow \u0026 (ai(isday)\u003d1 | gv(nightico)\u003d0), 100, 0)$"
                    },
                    "bitmap_bitmap": "kfile://org.kustom.provider/bitmaps/lsnow-day.png"
                  },
                  {
                    "internal_type": "BitmapModule",
                    "internal_title": "Light Snow Night",
                    "internal_toggles": {
                      "bitmap_alpha": 10
                    },
                    "internal_formulas": {
                      "bitmap_alpha": "$if(gv(icon)\u003dlsnow \u0026 (ai(isday)\u003d0 \u0026 gv(nightico)\u003d1), 100, 0)$"
                    },
                    "bitmap_bitmap": "kfile://org.kustom.provider/bitmaps/lsnow-night.png"
                  },
                  {
                    "internal_type": "BitmapModule",
                    "internal_title": "Mostly Cloudy",
                    "internal_toggles": {
                      "bitmap_alpha": 10
                    },
                    "internal_formulas": {
                      "bitmap_alpha": "$if(gv(icon)\u003dmcloudy, 100, 0)$"
                    },
                    "bitmap_bitmap": "kfile://org.kustom.provider/bitmaps/mcloudy.png"
                  },
                  {
                    "internal_type": "BitmapModule",
                    "internal_title": "Partly Cloudy Day",
                    "internal_toggles": {
                      "bitmap_alpha": 10
                    },
                    "internal_formulas": {
                      "bitmap_alpha": "$if(gv(icon)\u003dpcloudy \u0026 (ai(isday)\u003d1 | gv(nightico)\u003d0), 100, 0)$"
                    },
                    "bitmap_bitmap": "kfile://org.kustom.provider/bitmaps/pcloudy-day.png"
                  },
                  {
                    "internal_type": "BitmapModule",
                    "internal_title": "Partly Cloudy Night",
                    "internal_toggles": {
                      "bitmap_alpha": 10
                    },
                    "internal_formulas": {
                      "bitmap_alpha": "$if(gv(icon)\u003dpcloudy \u0026 (ai(isday)\u003d0 \u0026 gv(nightico)\u003d1), 100, 0)$"
                    },
                    "bitmap_bitmap": "kfile://org.kustom.provider/bitmaps/pcloudy-night.png"
                  },
                  {
                    "internal_type": "BitmapModule",
                    "internal_title": "Rain",
                    "internal_toggles": {
                      "bitmap_alpha": 10
                    },
                    "internal_formulas": {
                      "bitmap_alpha": "$if(gv(icon)\u003drain, 100, 0)$"
                    },
                    "bitmap_bitmap": "kfile://org.kustom.provider/bitmaps/rain.png"
                  },
                  {
                    "internal_type": "BitmapModule",
                    "internal_title": "Showers Day",
                    "internal_toggles": {
                      "bitmap_alpha": 10
                    },
                    "internal_formulas": {
                      "bitmap_alpha": "$if(gv(icon)\u003dshower \u0026 (ai(isday)\u003d1 | gv(nightico)\u003d0), 100, 0)$"
                    },
                    "bitmap_bitmap": "kfile://org.kustom.provider/bitmaps/showers-day.png"
                  },
                  {
                    "internal_type": "BitmapModule",
                    "internal_title": "Showers Night",
                    "internal_toggles": {
                      "bitmap_alpha": 10
                    },
                    "internal_formulas": {
                      "bitmap_alpha": "$if(gv(icon)\u003dshower \u0026 (ai(isday)\u003d0 \u0026 gv(nightico)\u003d1), 100, 0)$"
                    },
                    "bitmap_bitmap": "kfile://org.kustom.provider/bitmaps/showers-night.png"
                  },
                  {
                    "internal_type": "BitmapModule",
                    "internal_title": "Sleet Day",
                    "internal_toggles": {
                      "bitmap_alpha": 10
                    },
                    "internal_formulas": {
                      "bitmap_alpha": "$if(gv(icon)\u003dsleet \u0026 (ai(isday)\u003d1 | gv(nightico)\u003d0), 100, 0)$"
                    },
                    "bitmap_bitmap": "kfile://org.kustom.provider/bitmaps/sleet-day.png"
                  },
                  {
                    "internal_type": "BitmapModule",
                    "internal_title": "Sleet Night",
                    "internal_toggles": {
                      "bitmap_alpha": 10
                    },
                    "internal_formulas": {
                      "bitmap_alpha": "$if(gv(icon)\u003dsleet \u0026 (ai(isday)\u003d0 \u0026 gv(nightico)\u003d1), 100, 0)$"
                    },
                    "bitmap_bitmap": "kfile://org.kustom.provider/bitmaps/sleet-night.png"
                  },
                  {
                    "internal_type": "BitmapModule",
                    "internal_title": "Snow Day",
                    "internal_toggles": {
                      "bitmap_alpha": 10
                    },
                    "internal_formulas": {
                      "bitmap_alpha": "$if(gv(icon)\u003dsnow \u0026 (ai(isday)\u003d1 | gv(nightico)\u003d0), 100, 0)$"
                    },
                    "bitmap_bitmap": "kfile://org.kustom.provider/bitmaps/snow-day.png"
                  },
                  {
                    "internal_type": "BitmapModule",
                    "internal_title": "Snow Night",
                    "internal_toggles": {
                      "bitmap_alpha": 10
                    },
                    "internal_formulas": {
                      "bitmap_alpha": "$if(gv(icon)\u003dsnow \u0026 (ai(isday)\u003d0 \u0026 gv(nightico)\u003d1), 100, 0)$"
                    },
                    "bitmap_bitmap": "kfile://org.kustom.provider/bitmaps/snow-night.png"
                  },
                  {
                    "internal_type": "BitmapModule",
                    "internal_title": "Tornado",
                    "internal_toggles": {
                      "bitmap_alpha": 10
                    },
                    "internal_formulas": {
                      "bitmap_alpha": "$if(gv(icon)\u003dtornado, 100, 0)$"
                    },
                    "bitmap_bitmap": "kfile://org.kustom.provider/bitmaps/tornado.png"
                  },
                  {
                    "internal_type": "BitmapModule",
                    "internal_title": "Thunder Shower Day",
                    "internal_toggles": {
                      "bitmap_alpha": 10
                    },
                    "internal_formulas": {
                      "bitmap_alpha": "$if(gv(icon)\u003dtshower \u0026 (ai(isday)\u003d1 | gv(nightico)\u003d0), 100, 0)$"
                    },
                    "bitmap_bitmap": "kfile://org.kustom.provider/bitmaps/tshower-day.png"
                  },
                  {
                    "internal_type": "BitmapModule",
                    "internal_title": "Thunder Shower Night",
                    "internal_toggles": {
                      "bitmap_alpha": 10
                    },
                    "internal_formulas": {
                      "bitmap_alpha": "$if(gv(icon)\u003dtshower \u0026 (ai(isday)\u003d0 \u0026 gv(nightico)\u003d1), 100, 0)$"
                    },
                    "bitmap_bitmap": "kfile://org.kustom.provider/bitmaps/tshower-night.png"
                  },
                  {
                    "internal_type": "BitmapModule",
                    "internal_title": "Thunderstorm",
                    "internal_toggles": {
                      "bitmap_alpha": 10
                    },
                    "internal_formulas": {
                      "bitmap_alpha": "$if(gv(icon)\u003dtstorm, 100, 0)$"
                    },
                    "bitmap_bitmap": "kfile://org.kustom.provider/bitmaps/thunderstorm.png"
                  },
                  {
                    "internal_type": "BitmapModule",
                    "internal_title": "Unknown",
                    "internal_toggles": {
                      "bitmap_alpha": 10
                    },
                    "internal_formulas": {
                      "bitmap_alpha": "$if(gv(icon)\u003dunknown, 100, 0)$"
                    },
                    "bitmap_bitmap": "kfile://org.kustom.provider/bitmaps/haha-idk.png"
                  },
                  {
                    "internal_type": "BitmapModule",
                    "internal_title": "Windy Day",
                    "internal_toggles": {
                      "bitmap_alpha": 10
                    },
                    "internal_formulas": {
                      "bitmap_alpha": "$if(gv(icon)\u003dwindy \u0026 (ai(isday)\u003d1 | gv(nightico)\u003d0), 100, 0)$"
                    },
                    "bitmap_bitmap": "kfile://org.kustom.provider/bitmaps/windy-day.png"
                  },
                  {
                    "internal_type": "BitmapModule",
                    "internal_title": "Windy Night",
                    "internal_toggles": {
                      "bitmap_alpha": 10
                    },
                    "internal_formulas": {
                      "bitmap_alpha": "$if(gv(icon)\u003dwindy \u0026 (ai(isday)\u003d0 \u0026 gv(nightico)\u003d1), 100, 0)$"
                    },
                    "bitmap_bitmap": "kfile://org.kustom.provider/bitmaps/windy-night.png"
                  }
                ]
              }
            ]
          }
        ]
      },
      {
        "internal_type": "OverlapLayerModule",
        "position_offset_x": 120.0,
        "position_offset_y": 120.0,
        "internal_title": "Weather2 Group",
        "viewgroup_items": [
          {
            "internal_type": "ShapeModule",
            "position_padding_left": 50.0,
            "position_padding_right": 0.0,
            "position_padding_bottom": 75.0,
            "shape_type": "CIRCLE",
            "shape_width": 140.0,
            "fx_shadow_color": "#63000000",
            "fx_shadow_direction": 270.0,
            "fx_shadow_distance": 1.0,
            "fx_shadow_blur": 50.0,
            "paint_color": "#FFF44336"
          },
          {
            "internal_type": "TextModule",
            "position_padding_left": 70.0,
            "position_padding_bottom": 65.0,
            "text_expression": "$wi(temp)$°",
            "text_size": 50.0,
            "text_family": "kfile://org.kustom.provider/fonts/ADAM.CG PRO.otf"
          }
        ]
      },
      {
        "internal_type": "OverlapLayerModule",
        "internal_title": "Date Group",
        "position_offset_x": 20.0,
        "position_offset_y": -60.0,
        "internal_toggles": {
          "config_visible": 10
        },
        "internal_formulas": {
          "config_visible": "$if(gv(date) \u003d 0, ALWAYS, NEVER)$"
        },
        "viewgroup_items": [
          {
            "internal_type": "ShapeModule",
            "position_padding_left": 50.0,
            "position_padding_right": 0.0,
            "position_padding_bottom": 75.0,
            "shape_type": "CIRCLE",
            "shape_width": 140.0,
            "fx_shadow_color": "#63000000",
            "fx_shadow_direction": 270.0,
            "fx_shadow_distance": 1.0,
            "fx_shadow_blur": 50.0,
            "paint_color": "#FF3F51B5"
          },
          {
            "internal_type": "TextModule",
            "position_padding_left": 50.0,
            "position_padding_bottom": 75.0,
            "text_expression": "$df(MMM)$",
            "text_size": 40.0,
            "text_family": "kfile://org.kustom.provider/fonts/ADAM.CG PRO.otf"
          }
        ]
      },
      {
        "internal_type": "OverlapLayerModule",
        "position_offset_x": 120.0,
        "position_offset_y": 120.0,
        "internal_title": "Date2 Group",
        "internal_toggles": {
          "config_visible": 10
        },
        "internal_formulas": {
          "config_visible": "$if(gv(date) \u003d 0, ALWAYS, NEVER)$"
        },
        "viewgroup_items": [
          {
            "internal_type": "ShapeModule",
            "position_padding_left": 50.0,
            "position_padding_right": 0.0,
            "position_padding_bottom": 75.0,
            "shape_type": "CIRCLE",
            "shape_width": 140.0,
            "fx_shadow_color": "#63000000",
            "fx_shadow_direction": 720.0,
            "fx_shadow_distance": 1.0,
            "fx_shadow_blur": 50.0
          },
          {
            "internal_type": "TextModule",
            "position_padding_left": 45.0,
            "position_padding_bottom": 65.0,
            "text_expression": "$df(dd)$",
            "text_size": 50.0,
            "text_family": "kfile://org.kustom.provider/fonts/ADAM.CG PRO.otf",
            "paint_color": "#FF454545"
          }
        ]
      }
    ]
  }
}