{
  "preset_info": {
    "version": 10,
    "title": "clock_google",
    "description": "clock google",
    "author": "edwin macalopu",
    "email": "khiwendz@gmail.com",
    "width": 762,
    "height": 680,
    "xscreens": 4,
    "features": "",
    "release": 320626309,
    "locked": false
  },
  "preset_root": {
    "internal_events": [
      {
        "action": "DISABLED"
      }
    ],
    "internal_type": "RootLayerModule",
    "globals_list": {
      "gooe": {
        "index": 1,
        "type": "SWITCH",
        "title": "gooe",
        "value": 1
      }
    },
    "viewgroup_items": [
      {
        "internal_type": "OverlapLayerModule",
        "internal_toggles": {
          "config_visible": 10
        },
        "internal_formulas": {
          "config_visible": "$if(gv(gooe) \u003d 1, ALWAYS, NEVER)$"
        },
        "internal_events": [
          {
            "action": "SWITCH_GLOBAL",
            "switch": "gooe"
          }
        ],
        "viewgroup_items": [
          {
            "internal_type": "ShapeModule",
            "shape_type": "RECT",
            "shape_width": 460.0,
            "shape_height": 280.0
          },
          {
            "internal_type": "ShapeModule",
            "shape_type": "RECT",
            "shape_width": 460.0,
            "shape_height": 140.0,
            "position_padding_right": 0.0,
            "position_padding_top": 0.0,
            "position_padding_bottom": 145.0,
            "paint_color": "#FFF5F5F5"
          },
          {
            "internal_type": "TextModule",
            "text_expression": "$df(h:mm)$",
            "text_size": 160.0,
            "text_family": "kfile://org.kustom.provider/fonts/whiterabbit.ttf",
            "fx_gradient": "VERTICAL",
            "fx_gradient_color": "#FF3F51B5",
            "fx_gradient_width": 1,
            "fx_gradient_offset": 48,
            "paint_color": "#FFE91E63",
            "fx_shadow": "OUTER",
            "fx_shadow_color": "#38000000",
            "fx_shadow_direction": 359,
            "fx_shadow_distance": 1.0,
            "fx_shadow_blur": 45
          }
        ]
      },
      {
        "internal_type": "OverlapLayerModule",
        "internal_toggles": {
          "config_visible": 10
        },
        "internal_formulas": {
          "config_visible": "$if(gv(gooe) \u003d 0, ALWAYS, NEVER)$"
        },
        "internal_events": [
          {
            "action": "SWITCH_GLOBAL",
            "switch": "gooe"
          }
        ],
        "viewgroup_items": [
          {
            "internal_type": "ShapeModule",
            "shape_type": "RECT",
            "shape_width": 460.0,
            "shape_height": 280.0
          },
          {
            "internal_type": "ShapeModule",
            "shape_type": "RECT",
            "shape_width": 460.0,
            "shape_height": 140.0,
            "position_padding_right": 0.0,
            "position_padding_top": 0.0,
            "position_padding_bottom": 145.0,
            "paint_color": "#FFF5F5F5"
          },
          {
            "internal_type": "TextModule",
            "text_expression": "$df(d MMM yyyy)$",
            "text_size": 80.0,
            "text_family": "kfile://org.kustom.provider/fonts/whiterabbit.ttf",
            "fx_gradient": "VERTICAL",
            "fx_gradient_color": "#FF2196F3",
            "fx_gradient_width": 1,
            "fx_gradient_offset": 48,
            "paint_color": "#FFF44336",
            "fx_shadow": "OUTER",
            "fx_shadow_color": "#38000000",
            "fx_shadow_direction": 359,
            "fx_shadow_distance": 1.0,
            "fx_shadow_blur": 45,
            "position_padding_right": 0.0
          }
        ]
      }
    ]
  }
}