{
  "preset_info": {
    "version": 10,
    "title": "clock_date_cuad",
    "description": "clock date",
    "author": "edwin macalopu",
    "email": "khiwendz@gmail.com",
    "width": 492,
    "height": 534,
    "xscreens": 4,
    "features": "",
    "release": 320626309,
    "locked": false
  },
  "preset_root": {
    "internal_events": [
      {
        "action": "KUSTOM_ACTION"
      }
    ],
    "internal_type": "RootLayerModule",
    "globals_list": {
      "clock": {
        "index": 1,
        "type": "SWITCH",
        "title": "clock",
        "value": 1
      }
    },
    "viewgroup_items": [
      {
        "internal_type": "OverlapLayerModule",
        "internal_title": "Date Group",
        "internal_toggles": {
          "config_visible": 0
        },
        "internal_formulas": {
          "config_visible": "$if(gv(clock) \u003d 0, ALWAYS, NEVER)$"
        },
        "internal_events": [
          {
            "action": "SWITCH_GLOBAL",
            "switch": "clock"
          }
        ],
        "viewgroup_items": [
          {
            "internal_type": "ShapeModule",
            "shape_type": "RECT",
            "shape_width": 280.0,
            "shape_height": 320.0,
            "paint_color": "#FF222222"
          },
          {
            "internal_type": "TextModule",
            "position_padding_right": 0.0,
            "position_padding_bottom": 125.0,
            "text_expression": "$df(dd)$",
            "text_size": 140.0,
            "text_family": "kfile://org.kustom.provider/fonts/AGENCYB.TTF"
          },
          {
            "internal_type": "TextModule",
            "position_padding_right": 0.0,
            "position_padding_bottom": 0.0,
            "text_expression": "$df(MM)$",
            "text_size": 140.0,
            "text_family": "kfile://org.kustom.provider/fonts/AGENCYB.TTF",
            "position_padding_top": 150.0
          }
        ]
      },
      {
        "internal_type": "OverlapLayerModule",
        "internal_title": "Clock Group",
        "internal_toggles": {
          "config_visible": 10
        },
        "internal_formulas": {
          "config_visible": "$if(gv(clock) \u003d 0, ALWAYS, NEVER)$"
        },
        "viewgroup_items": [
          {
            "internal_type": "ShapeModule",
            "shape_type": "RECT",
            "shape_width": 280.0,
            "shape_height": 320.0
          },
          {
            "internal_type": "TextModule",
            "position_padding_right": 0.0,
            "position_padding_bottom": 125.0,
            "text_expression": "$df(hh)$",
            "text_size": 140.0,
            "text_family": "kfile://org.kustom.provider/fonts/AGENCYB.TTF",
            "paint_color": "#FF222222"
          },
          {
            "internal_type": "TextModule",
            "position_padding_right": 0.0,
            "position_padding_bottom": 0.0,
            "text_expression": "$df(mm)$",
            "text_size": 140.0,
            "text_family": "kfile://org.kustom.provider/fonts/AGENCYB.TTF",
            "position_padding_top": 150.0,
            "paint_color": "#FF222222"
          }
        ]
      }
    ]
  }
}