{
  "preset_info": {
    "version": 10,
    "title": "statusbar_weather",
    "description": "statusbar",
    "author": "edwin macalopu",
    "email": "khiwendz@gmail.com",
    "width": 1080,
    "height": 458,
    "xscreens": 4,
    "features": "WEATHER SIGNAL",
    "release": 320626309,
    "locked": false
  },
  "preset_root": {
    "internal_events": [
      {
        "action": "KUSTOM_ACTION"
      }
    ],
    "internal_type": "RootLayerModule",
    "globals_list": {
      "weather": {
        "index": 1,
        "type": "SWITCH",
        "title": "weather",
        "value": 1
      }
    },
    "viewgroup_items": [
      {
        "internal_type": "OverlapLayerModule",
        "position_offset_y": -52.0,
        "viewgroup_items": [
          {
            "internal_type": "ShapeModule",
            "shape_type": "RECT",
            "shape_width": 720.0,
            "shape_height": 200.0,
            "internal_events": [
              {
                "action": "DISABLED"
              }
            ]
          },
          {
            "internal_type": "ProgressModule",
            "position_offset_x": 300.0,
            "position_offset_y": -120.0,
            "style_size": 40.0,
            "color_fgcolor": "#FF262626",
            "color_bgcolor": "#FFACABAB",
            "position_padding_left": 600.0,
            "position_padding_top": 0.0,
            "position_padding_bottom": 125.0
          },
          {
            "internal_type": "TextModule",
            "position_padding_left": 425.0,
            "position_padding_right": 0.0,
            "position_padding_top": 0.0,
            "position_padding_bottom": 125.0,
            "paint_color": "#FF3D3D3D"
          },
          {
            "internal_type": "ShapeModule",
            "position_padding_top": 25.0,
            "shape_type": "RECT",
            "shape_width": 540.0,
            "shape_height": 40.0,
            "paint_color": "#FF838383",
            "internal_events": [
              {
                "action": "LAUNCH_APP",
                "intent": "intent:#Intent;action\u003dandroid.intent.action.MAIN;category\u003dandroid.intent.category.LAUNCHER;component\u003dcom.google.android.googlequicksearchbox/.SearchActivity;S.org.kustom.intent.label\u003dGoogle;end"
              }
            ]
          },
          {
            "internal_type": "TextModule",
            "position_padding_left": 425.0,
            "position_padding_right": 0.0,
            "position_padding_top": 25.0,
            "text_expression": "c",
            "text_family": "kfile://org.kustom.provider/fonts/g-search2.ttf"
          },
          {
            "internal_type": "TextModule",
            "position_padding_left": 0.0,
            "position_padding_right": 554.0,
            "position_padding_top": 0.0,
            "position_padding_bottom": 125.0,
            "text_expression": "$nc(operator)$",
            "paint_color": "#FF242424"
          },
          {
            "internal_type": "TextModule",
            "position_padding_left": 0.0,
            "position_padding_right": 550.0,
            "position_padding_top": 150.0,
            "text_expression": "$df(d MMM yyyy)$",
            "paint_color": "#FF3A3A3A"
          }
        ]
      },
      {
        "internal_type": "OverlapLayerModule",
        "internal_title": "Weather Group",
        "position_offset_y": 100.0,
        "internal_toggles": {
          "config_visible": 10
        },
        "internal_formulas": {
          "config_visible": "$if(gv(weather) \u003d 0, ALWAYS,NEVER)$"
        },
        "internal_events": [
          {
            "action": "DISABLED"
          }
        ],
        "viewgroup_items": [
          {
            "internal_type": "ShapeModule",
            "shape_type": "RECT",
            "shape_width": 720.0,
            "shape_height": 100.0,
            "paint_color": "#74000000"
          },
          {
            "globals_list": {
              "icon": {
                "value": "$wi(icon)$",
                "entries": "\"$wi(icon)$\"##Current,\"$wf(icon, 0)$\"##Today Forecast,\"$wf(icon, 1)$\"##Tomorrow Forecast,\"$wf(icon, 2)$\"##2 Days Forecast,\"$wf(icon, 3)$\"##3 Days Forecast,\"$wf(icon, 4)$\"##4 Days Forecast,\"$wf(icon, 5)$\"##5 Days Forecast,\"$wf(icon, 6)$\"##6 Days Forecast,\"$wf(icon, 7)$\"##7 Days Forecast,\"$wf(icon, 8)$\"##8 Days Forecast,\"$wf(icon, 9)$\"##9 Days Forecast",
                "index": 1,
                "title": "Icon",
                "type": "LIST"
              },
              "scale": {
                "min": 20,
                "value": 54.0,
                "index": 3,
                "title": "Scale",
                "max": 500,
                "type": "NUMBER"
              },
              "nightico": {
                "type": "SWITCH",
                "value": 1,
                "index": 2,
                "title": "NightIco"
              }
            },
            "internal_type": "KomponentModule",
            "internal_title": "Google Now Weather",
            "internal_locked": "true",
            "internal_author_name": "J. Amourette ",
            "position_padding_left": 0.0,
            "position_padding_right": 500.0,
            "viewgroup_items": [
              {
                "internal_type": "OverlapLayerModule",
                "internal_toggles": {
                  "config_scale_value": 100
                },
                "internal_globals": {
                  "config_scale_value": "scale"
                },
                "internal_title": "Bitmaps",
                "viewgroup_items": [
                  {
                    "internal_toggles": {
                      "bitmap_alpha": 10
                    },
                    "internal_formulas": {
                      "bitmap_alpha": "$if(gv(icon)\u003dclear \u0026 (ai(isday)\u003d1 | gv(nightico)\u003d0), 100, 0)$"
                    },
                    "bitmap_bitmap": "kfile://org.kustom.provider/bitmaps/IMGb8334845a31d81c652a277f768b7579f",
                    "internal_type": "BitmapModule",
                    "internal_title": "Clear Day"
                  },
                  {
                    "internal_toggles": {
                      "bitmap_alpha": 10
                    },
                    "internal_formulas": {
                      "bitmap_alpha": "$if(gv(icon)\u003dclear \u0026 (ai(isday)\u003d0 \u0026 gv(nightico)\u003d1), 100, 0)$"
                    },
                    "bitmap_bitmap": "kfile://org.kustom.provider/bitmaps/IMGa026565c363b3663f1671ba4e03acd10",
                    "internal_type": "BitmapModule",
                    "internal_title": "Clear Night"
                  },
                  {
                    "internal_toggles": {
                      "bitmap_alpha": 10
                    },
                    "internal_formulas": {
                      "bitmap_alpha": "$if(gv(icon)\u003dfog \u0026 (ai(isday)\u003d1 | gv(nightico)\u003d0), 100, 0)$"
                    },
                    "bitmap_bitmap": "kfile://org.kustom.provider/bitmaps/IMG9377ffb122afc64d9d0c462bc9b00ff1",
                    "internal_type": "BitmapModule",
                    "internal_title": "Fog Day"
                  },
                  {
                    "internal_toggles": {
                      "bitmap_alpha": 10
                    },
                    "internal_formulas": {
                      "bitmap_alpha": "$if(gv(icon)\u003dfog \u0026 (ai(isday)\u003d0 \u0026 gv(nightico)\u003d1), 100, 0)$"
                    },
                    "bitmap_bitmap": "kfile://org.kustom.provider/bitmaps/IMG9377ffb122afc64d9d0c462bc9b00ff1",
                    "internal_type": "BitmapModule",
                    "internal_title": "Fog Night"
                  },
                  {
                    "internal_toggles": {
                      "bitmap_alpha": 10
                    },
                    "internal_formulas": {
                      "bitmap_alpha": "$if(gv(icon)\u003dhail \u0026 (ai(isday)\u003d1 | gv(nightico)\u003d0), 100, 0)$"
                    },
                    "bitmap_bitmap": "kfile://org.kustom.provider/bitmaps/IMGeaea0579ec5efd1873179f3c22f8f469",
                    "internal_type": "BitmapModule",
                    "internal_title": "Hail Day"
                  },
                  {
                    "internal_toggles": {
                      "bitmap_alpha": 10
                    },
                    "internal_formulas": {
                      "bitmap_alpha": "$if(gv(icon)\u003dhail \u0026 (ai(isday)\u003d0 \u0026 gv(nightico)\u003d1), 100, 0)$"
                    },
                    "bitmap_bitmap": "kfile://org.kustom.provider/bitmaps/IMGeaea0579ec5efd1873179f3c22f8f469",
                    "internal_type": "BitmapModule",
                    "internal_title": "Hail Night"
                  },
                  {
                    "internal_toggles": {
                      "bitmap_alpha": 10
                    },
                    "internal_formulas": {
                      "bitmap_alpha": "$if(gv(icon)\u003dlsnow \u0026 (ai(isday)\u003d1 | gv(nightico)\u003d0), 100, 0)$"
                    },
                    "bitmap_bitmap": "kfile://org.kustom.provider/bitmaps/IMGeaea0579ec5efd1873179f3c22f8f469",
                    "internal_type": "BitmapModule",
                    "internal_title": "Light Snow Day"
                  },
                  {
                    "internal_toggles": {
                      "bitmap_alpha": 10
                    },
                    "internal_formulas": {
                      "bitmap_alpha": "$if(gv(icon)\u003dlsnow \u0026 (ai(isday)\u003d0 \u0026 gv(nightico)\u003d1), 100, 0)$"
                    },
                    "bitmap_bitmap": "kfile://org.kustom.provider/bitmaps/IMGeaea0579ec5efd1873179f3c22f8f469",
                    "internal_type": "BitmapModule",
                    "internal_title": "Light Snow Night"
                  },
                  {
                    "internal_toggles": {
                      "bitmap_alpha": 10
                    },
                    "internal_formulas": {
                      "bitmap_alpha": "$if(gv(icon)\u003dmcloudy, 100, 0)$"
                    },
                    "bitmap_bitmap": "kfile://org.kustom.provider/bitmaps/IMG553637436e348e1fb7e014f5972259f0",
                    "internal_type": "BitmapModule",
                    "internal_title": "Mostly Cloudy"
                  },
                  {
                    "internal_toggles": {
                      "bitmap_alpha": 10
                    },
                    "internal_formulas": {
                      "bitmap_alpha": "$if(gv(icon)\u003dpcloudy \u0026 (ai(isday)\u003d1 | gv(nightico)\u003d0), 100, 0)$"
                    },
                    "bitmap_bitmap": "kfile://org.kustom.provider/bitmaps/IMG54e5de01e09aa5fab27134f455d326fb",
                    "internal_type": "BitmapModule",
                    "internal_title": "Partly Cloudy Day"
                  },
                  {
                    "internal_toggles": {
                      "bitmap_alpha": 10
                    },
                    "internal_formulas": {
                      "bitmap_alpha": "$if(gv(icon)\u003dpcloudy \u0026 (ai(isday)\u003d0 \u0026 gv(nightico)\u003d1), 100, 0)$"
                    },
                    "bitmap_bitmap": "kfile://org.kustom.provider/bitmaps/IMGb810f85ece91a7c9a4b8e5b239c768ed",
                    "internal_type": "BitmapModule",
                    "internal_title": "Partly Cloudy Night"
                  },
                  {
                    "internal_toggles": {
                      "bitmap_alpha": 10
                    },
                    "internal_formulas": {
                      "bitmap_alpha": "$if(gv(icon)\u003drain, 100, 0)$"
                    },
                    "bitmap_bitmap": "kfile://org.kustom.provider/bitmaps/IMGe4c8b146ed50860cb55b318bea6c2e26",
                    "internal_type": "BitmapModule",
                    "internal_title": "Rain"
                  },
                  {
                    "internal_toggles": {
                      "bitmap_alpha": 10
                    },
                    "internal_formulas": {
                      "bitmap_alpha": "$if(gv(icon)\u003dshower \u0026 (ai(isday)\u003d1 | gv(nightico)\u003d0), 100, 0)$"
                    },
                    "bitmap_bitmap": "kfile://org.kustom.provider/bitmaps/IMG34e96acc50ef51326db368fd48d11976",
                    "internal_type": "BitmapModule",
                    "internal_title": "Showers Day"
                  },
                  {
                    "internal_toggles": {
                      "bitmap_alpha": 10
                    },
                    "internal_formulas": {
                      "bitmap_alpha": "$if(gv(icon)\u003dshower \u0026 (ai(isday)\u003d0 \u0026 gv(nightico)\u003d1), 100, 0)$"
                    },
                    "bitmap_bitmap": "kfile://org.kustom.provider/bitmaps/IMG34e96acc50ef51326db368fd48d11976",
                    "internal_type": "BitmapModule",
                    "internal_title": "Showers Night"
                  },
                  {
                    "internal_toggles": {
                      "bitmap_alpha": 10
                    },
                    "internal_formulas": {
                      "bitmap_alpha": "$if(gv(icon)\u003dsleet \u0026 (ai(isday)\u003d1 | gv(nightico)\u003d0), 100, 0)$"
                    },
                    "bitmap_bitmap": "kfile://org.kustom.provider/bitmaps/IMG35a20f0fcb34826fb77be05cfacb87c3",
                    "internal_type": "BitmapModule",
                    "internal_title": "Sleet Day"
                  },
                  {
                    "internal_toggles": {
                      "bitmap_alpha": 10
                    },
                    "internal_formulas": {
                      "bitmap_alpha": "$if(gv(icon)\u003dsleet \u0026 (ai(isday)\u003d0 \u0026 gv(nightico)\u003d1), 100, 0)$"
                    },
                    "bitmap_bitmap": "kfile://org.kustom.provider/bitmaps/IMG35a20f0fcb34826fb77be05cfacb87c3",
                    "internal_type": "BitmapModule",
                    "internal_title": "Sleet Night"
                  },
                  {
                    "internal_toggles": {
                      "bitmap_alpha": 10
                    },
                    "internal_formulas": {
                      "bitmap_alpha": "$if(gv(icon)\u003dsnow \u0026 (ai(isday)\u003d1 | gv(nightico)\u003d0), 100, 0)$"
                    },
                    "bitmap_bitmap": "kfile://org.kustom.provider/bitmaps/IMGeaea0579ec5efd1873179f3c22f8f469",
                    "internal_type": "BitmapModule",
                    "internal_title": "Snow Day"
                  },
                  {
                    "internal_toggles": {
                      "bitmap_alpha": 10
                    },
                    "internal_formulas": {
                      "bitmap_alpha": "$if(gv(icon)\u003dsnow \u0026 (ai(isday)\u003d0 \u0026 gv(nightico)\u003d1), 100, 0)$"
                    },
                    "bitmap_bitmap": "kfile://org.kustom.provider/bitmaps/IMGeaea0579ec5efd1873179f3c22f8f469",
                    "internal_type": "BitmapModule",
                    "internal_title": "Snow Night"
                  },
                  {
                    "internal_toggles": {
                      "bitmap_alpha": 10
                    },
                    "internal_formulas": {
                      "bitmap_alpha": "$if(gv(icon)\u003dtornado, 100, 0)$"
                    },
                    "bitmap_bitmap": "kfile://org.kustom.provider/bitmaps/IMGca022ad2d4b59858f2d69416d07c3f71",
                    "internal_type": "BitmapModule",
                    "internal_title": "Tornado"
                  },
                  {
                    "internal_toggles": {
                      "bitmap_alpha": 10
                    },
                    "internal_formulas": {
                      "bitmap_alpha": "$if(gv(icon)\u003dtshower \u0026 (ai(isday)\u003d1 | gv(nightico)\u003d0), 100, 0)$"
                    },
                    "bitmap_bitmap": "kfile://org.kustom.provider/bitmaps/IMG13590f10e2b2846ceefced5fb007afb3",
                    "internal_type": "BitmapModule",
                    "internal_title": "Thunder Shower Day"
                  },
                  {
                    "internal_toggles": {
                      "bitmap_alpha": 10
                    },
                    "internal_formulas": {
                      "bitmap_alpha": "$if(gv(icon)\u003dtshower \u0026 (ai(isday)\u003d0 \u0026 gv(nightico)\u003d1), 100, 0)$"
                    },
                    "bitmap_bitmap": "kfile://org.kustom.provider/bitmaps/IMG13590f10e2b2846ceefced5fb007afb3",
                    "internal_type": "BitmapModule",
                    "internal_title": "Thunder Shower Night"
                  },
                  {
                    "internal_toggles": {
                      "bitmap_alpha": 10
                    },
                    "internal_formulas": {
                      "bitmap_alpha": "$if(gv(icon)\u003dtstorm, 100, 0)$"
                    },
                    "bitmap_bitmap": "kfile://org.kustom.provider/bitmaps/IMG13590f10e2b2846ceefced5fb007afb3",
                    "internal_type": "BitmapModule",
                    "internal_title": "Thunderstorm"
                  },
                  {
                    "internal_toggles": {
                      "bitmap_alpha": 10
                    },
                    "internal_formulas": {
                      "bitmap_alpha": "$if(gv(icon)\u003dunknown, 100, 0)$"
                    },
                    "bitmap_bitmap": "kfile://org.kustom.provider/bitmaps/IMG56123f0c23ace57722d508fc95252f1c",
                    "internal_type": "BitmapModule",
                    "internal_title": "Unknown"
                  },
                  {
                    "internal_toggles": {
                      "bitmap_alpha": 10
                    },
                    "internal_formulas": {
                      "bitmap_alpha": "$if(gv(icon)\u003dwindy \u0026 (ai(isday)\u003d1 | gv(nightico)\u003d0), 100, 0)$"
                    },
                    "bitmap_bitmap": "kfile://org.kustom.provider/bitmaps/IMGca022ad2d4b59858f2d69416d07c3f71",
                    "internal_type": "BitmapModule",
                    "internal_title": "Windy Day"
                  },
                  {
                    "internal_toggles": {
                      "bitmap_alpha": 10
                    },
                    "internal_formulas": {
                      "bitmap_alpha": "$if(gv(icon)\u003dwindy \u0026 (ai(isday)\u003d0 \u0026 gv(nightico)\u003d1), 100, 0)$"
                    },
                    "bitmap_bitmap": "kfile://org.kustom.provider/bitmaps/IMGca022ad2d4b59858f2d69416d07c3f71",
                    "internal_type": "BitmapModule",
                    "internal_title": "Windy Night"
                  }
                ]
              }
            ]
          },
          {
            "internal_type": "TextModule",
            "position_padding_left": 25.0,
            "position_padding_right": 325.0,
            "text_expression": "$wi(temp)$°$wi(tempu)$",
            "text_size": 25.0
          },
          {
            "internal_type": "TextModule",
            "position_padding_left": 425.0,
            "position_padding_right": 25.0,
            "text_expression": "$wi(cond)$",
            "text_size": 25.0
          }
        ]
      },
      {
        "internal_type": "OverlapLayerModule",
        "position_offset_x": 300.0,
        "position_offset_y": 20.0,
        "internal_events": [
          {
            "action": "SWITCH_GLOBAL",
            "switch": "weather"
          }
        ],
        "viewgroup_items": [
          {
            "internal_type": "FontIconModule",
            "icon_size": 40.0,
            "icon_icon": "expand_more",
            "paint_color": "#FF303030",
            "internal_events": [
              {
                "action": "SWITCH_GLOBAL",
                "switch": "weather"
              }
            ],
            "internal_toggles": {
              "icon_icon": 10
            },
            "internal_formulas": {
              "icon_icon": "$if(gv(weather) \u003d 1, Keyboard_arrow_down, Keyboard_arrow_up)$"
            }
          },
          {
            "internal_type": "TextModule",
            "position_padding_left": 0.0,
            "position_padding_top": 0.0,
            "text_expression": "WEATHER",
            "paint_color": "#FF363636",
            "internal_events": [
              {
                "action": "SWITCH_GLOBAL",
                "switch": "weather"
              }
            ],
            "position_padding_right": 150.0
          }
        ]
      }
    ]
  }
}