{
  "preset_info": {
    "version": 10,
    "title": "social_MD",
    "description": "md social",
    "author": "edwin macalopu",
    "email": "khiwendz@gmail.com",
    "width": 945,
    "height": 290,
    "xscreens": 4,
    "features": "",
    "release": 320626309,
    "locked": false
  },
  "preset_root": {
    "internal_events": [
      {
        "action": "KUSTOM_ACTION"
      }
    ],
    "internal_type": "RootLayerModule",
    "globals_list": {
      "social": {
        "index": 1,
        "type": "SWITCH",
        "title": "social",
        "value": 0
      }
    },
    "viewgroup_items": [
      {
        "internal_type": "OverlapLayerModule",
        "position_offset_x": -220.0,
        "position_offset_y": 12.0,
        "internal_events": [
          {
            "action": "SWITCH_GLOBAL",
            "switch": "social"
          }
        ],
        "viewgroup_items": [
          {
            "internal_type": "BitmapModule",
            "bitmap_bitmap": "kfile://org.kustom.provider/bitmaps/IMG5d9df99d5fb01a50fca157a2659aa38d",
            "bitmap_width": 200.0
          }
        ]
      },
      {
        "internal_type": "OverlapLayerModule",
        "internal_title": "Twitter Group",
        "position_offset_x": -80.0,
        "internal_toggles": {
          "config_visible": 10
        },
        "internal_formulas": {
          "config_visible": "$if(gv(social) \u003d 0, ALWAYS, NEVER)$"
        },
        "internal_events": [
          {
            "action": "LAUNCH_APP",
            "intent": "intent:#Intent;action\u003dandroid.intent.action.MAIN;category\u003dandroid.intent.category.LAUNCHER;component\u003dcom.twitter.android/.StartActivity;S.org.kustom.intent.label\u003dTwitter;end"
          }
        ],
        "viewgroup_items": [
          {
            "internal_type": "ShapeModule",
            "shape_type": "CIRCLE",
            "shape_width": 90.0,
            "paint_color": "#FF03A9F4",
            "fx_shadow": "OUTER",
            "fx_shadow_color": "#63000000",
            "fx_shadow_direction": 270.0,
            "fx_shadow_distance": 1.0,
            "fx_shadow_blur": 5.0
          },
          {
            "internal_type": "FontIconModule",
            "icon_size": 45.0,
            "icon_set": "kfile://org.kustom.provider/icons/entypo.ttf",
            "icon_icon": "twitter"
          }
        ]
      },
      {
        "internal_type": "OverlapLayerModule",
        "internal_title": "Google_plus Group",
        "position_offset_x": 80.0,
        "internal_toggles": {
          "config_visible": 10
        },
        "internal_formulas": {
          "config_visible": "$if(gv(social) \u003d 0, ALWAYS, NEVER)$"
        },
        "internal_events": [
          {
            "action": "LAUNCH_APP",
            "intent": "intent:#Intent;action\u003dandroid.intent.action.MAIN;category\u003dandroid.intent.category.LAUNCHER;component\u003dcom.google.android.apps.plus/.phone.HomeActivity;S.org.kustom.intent.label\u003dGoogle%2B;end"
          }
        ],
        "viewgroup_items": [
          {
            "internal_type": "ShapeModule",
            "shape_type": "CIRCLE",
            "shape_width": 90.0,
            "paint_color": "#FFF44336",
            "fx_shadow": "OUTER",
            "fx_shadow_color": "#63000000",
            "fx_shadow_direction": 270.0,
            "fx_shadow_distance": 1.0,
            "fx_shadow_blur": 5.0
          },
          {
            "internal_type": "TextModule",
            "position_padding_left": 0.0,
            "position_padding_right": 14.0,
            "position_padding_top": 13.0,
            "position_padding_bottom": 0.0,
            "text_expression": "G",
            "text_size": 47.0,
            "text_family": "kfile://org.kustom.provider/fonts/Google.ttf"
          },
          {
            "internal_type": "FontIconModule",
            "position_padding_left": 50.0,
            "position_padding_bottom": 25.0,
            "icon_size": 27.0,
            "icon_icon": "add"
          }
        ]
      },
      {
        "internal_type": "OverlapLayerModule",
        "internal_title": "Facebook Group",
        "position_offset_x": 240.0,
        "internal_toggles": {
          "config_visible": 10
        },
        "internal_formulas": {
          "config_visible": "$if(gv(social) \u003d 0, ALWAYS, NEVER)$"
        },
        "viewgroup_items": [
          {
            "internal_type": "ShapeModule",
            "shape_type": "CIRCLE",
            "shape_width": 90.0,
            "paint_color": "#FF1976D2",
            "fx_shadow": "OUTER",
            "fx_shadow_color": "#63000000",
            "fx_shadow_direction": 270.0,
            "fx_shadow_distance": 1.0,
            "fx_shadow_blur": 50.0
          },
          {
            "internal_type": "FontIconModule",
            "position_padding_left": 25.0,
            "icon_size": 45.0,
            "icon_set": "kfile://org.kustom.provider/icons/fontawesome.ttf",
            "icon_icon": "facebook, facebook-f"
          }
        ]
      }
    ]
  }
}