{
  "preset_info": {
    "version": 10,
    "title": "goobar style",
    "description": "Carlos sicaj",
    "author": "edwin macalopu",
    "email": "khiwendz@gmail.com",
    "width": 1032,
    "height": 533,
    "xscreens": 4,
    "features": "LOCATION WEATHER",
    "release": 320626309,
    "locked": false
  },
  "preset_root": {
    "internal_events": [
      {
        "action": "KUSTOM_ACTION"
      }
    ],
    "internal_type": "RootLayerModule",
    "globals_list": {
      "climate": {
        "index": 1,
        "type": "SWITCH",
        "title": "climate",
        "value": 0
      }
    },
    "viewgroup_items": [
      {
        "internal_type": "OverlapLayerModule",
        "position_offset_y": -80.0,
        "viewgroup_items": [
          {
            "internal_type": "ShapeModule",
            "shape_type": "RECT",
            "shape_width": 640.0,
            "shape_height": 100.0,
            "internal_events": [
              {
                "action": "DISABLED"
              }
            ]
          },
          {
            "internal_type": "FontIconModule",
            "position_padding_left": 0.0,
            "position_padding_right": 475.0,
            "icon_size": 55.0,
            "icon_set": "kfile://org.kustom.provider/icons/material.ttf",
            "icon_icon": "account_circle",
            "paint_color": "#FF5F5E5E",
            "internal_events": [
              {
                "action": "LAUNCH_APP",
                "intent": "intent:#Intent;action\u003dandroid.intent.action.MAIN;category\u003dandroid.intent.category.LAUNCHER;component\u003dcom.google.android.googlequicksearchbox/.SearchActivity;S.org.kustom.intent.label\u003dGoogle;end"
              }
            ]
          },
          {
            "internal_type": "TextModule",
            "position_padding_left": 0.0,
            "position_padding_right": 100.0,
            "position_padding_top": 5.0,
            "text_expression": "Search or day \"ok google\"",
            "text_size": 25.0,
            "text_family": "kfile://org.kustom.provider/fonts/Ikaros Regular.otf",
            "paint_color": "#FF474747",
            "internal_events": [
              {
                "action": "LAUNCH_APP",
                "intent": "intent:#Intent;action\u003dandroid.intent.action.MAIN;category\u003dandroid.intent.category.LAUNCHER;component\u003dcom.google.android.googlequicksearchbox/.SearchActivity;S.org.kustom.intent.label\u003dGoogle;end"
              }
            ]
          }
        ]
      },
      {
        "internal_type": "OverlapLayerModule",
        "position_offset_y": 20.0,
        "internal_toggles": {
          "config_visible": 10
        },
        "internal_formulas": {
          "config_visible": "$if(gv(climate) \u003d 0, ALWAYS, NEVER)$"
        },
        "viewgroup_items": [
          {
            "internal_type": "ShapeModule",
            "shape_type": "RECT",
            "shape_width": 640.0,
            "shape_height": 100.0,
            "paint_color": "#92282828",
            "internal_events": [
              {
                "action": "DISABLED"
              }
            ]
          },
          {
            "internal_type": "KomponentModule",
            "internal_title": "Cumulus Fill",
            "config_scale_value": 100.0,
            "globals_list": {
              "icon": {
                "index": 1,
                "type": "LIST",
                "title": "icon",
                "entries": "\"$wi(icon)$\"##Current,\"$wf(icon, 0)$\"##Today Forecast,\"$wf(icon, 1)$\"##Tomorrow Forecast,\"$wf(icon, 2)$\"##2 Days Forecast,\"$wf(icon, 3)$\"##3 Days Forecast,\"$wf(icon, 4)$\"##4 Days Forecast,\"$wf(icon, 5)$\"##5 Days Forecast,\"$wf(icon, 6)$\"##6 Days Forecast,\"$wf(icon, 7)$\"##7 Days Forecast,\"$wf(icon, 8)$\"##8 Days Forecast,\"$wf(icon, 9)$\"##9 Days Forecast",
                "value": "$wi(icon)$"
              },
              "nightico": {
                "index": 2,
                "type": "SWITCH",
                "title": "Nightico",
                "value": 1
              },
              "size": {
                "index": 3,
                "type": "NUMBER",
                "title": "Size",
                "min": 10,
                "max": 720,
                "value": 56.0
              },
              "color": {
                "index": 4,
                "type": "COLOR",
                "title": "Color",
                "value": "#FFFFFFFF"
              }
            },
            "internal_description": "Font Weather",
            "internal_author_email": "surajhodi@gmail.com",
            "internal_author_name": "Yannick",
            "position_offset_x": 0.0,
            "position_offset_y": 0.0,
            "position_padding_left": 0.0,
            "position_padding_right": 480.0,
            "internal_locked": "true",
            "internal_events": [
              {
                "action": "DISABLED"
              }
            ],
            "viewgroup_items": [
              {
                "internal_type": "CurvedTextModule",
                "text_family": "kfile://org.kustom.provider/fonts/cumul1us.ttf",
                "internal_toggles": {
                  "text_size": 10,
                  "paint_color": 100
                },
                "internal_formulas": {
                  "text_size": "$gv(Size)$"
                },
                "position_padding_left": 0.0,
                "position_padding_top": 0.0,
                "text_expression": "$if(gv(icon) \u003d CLEAR, if(ai(isday), M, p))$$if(gv(icon) \u003d MCLOUDY, if(ai(isday), 3, 3))$$if(gv(icon) \u003d PCLOUDY, if(ai(isday), 4, h))$$if(gv(icon) \u003d WINDY, if(ai(isday),U, U))$$if(gv(icon) \u003d FOG, if(ai(isday), Z, Z))$$if(gv(icon) \u003d HAIL, if(ai(isday),F, e))$$if(gv(icon) \u003d SNOW, if(ai(isday),D, X))$$if(gv(icon) \u003d LSNOW, if(ai(isday),D, X))$$if(gv(icon) \u003d SLEET, if(ai(isday),B, k))$$if(gv(icon) \u003d RAIN, if(ai(isday), Q, J))$$if(gv(icon) \u003d SHOWER, if(ai(isday),B, k))$$if(gv(icon) \u003d TSHOWER, if(ai(isday), B, k))$$if(gv(icon) \u003d TSTORM, if(ai(isday), d, G))$$if(gv(icon) \u003d TORNADO, if(ai(isday),l, l))$$if(gv(icon) \u003d UNKNOWN, C)$",
                "text_size": 100.0,
                "internal_globals": {
                  "paint_color": "color"
                }
              }
            ]
          },
          {
            "internal_type": "TextModule",
            "position_padding_left": 0.0,
            "position_padding_right": 320.0,
            "position_padding_top": 0.0,
            "text_expression": "$li(country)$",
            "text_size": 20.0,
            "text_family": "kfile://org.kustom.provider/fonts/Ikaros Regular.otf",
            "internal_events": [
              {
                "action": "DISABLED"
              }
            ],
            "position_padding_bottom": 50.0,
            "position_anchor": "BOTTOM"
          },
          {
            "internal_type": "TextModule",
            "position_padding_left": 0.0,
            "position_padding_right": 213.0,
            "position_padding_top": 50.0,
            "text_expression": "$wi(cond)$ , $wi(temp)$°$wi(tempu)$",
            "text_size": 20.0,
            "text_family": "kfile://org.kustom.provider/fonts/Ikaros Regular.otf",
            "position_padding_bottom": 25.0,
            "internal_events": [
              {
                "action": "DISABLED"
              }
            ],
            "position_anchor": "BOTTOM"
          },
          {
            "internal_type": "FontIconModule",
            "internal_events": [
              {
                "action": "KUSTOM_ACTION",
                "kustom_action": "WEATHER_UPDATE"
              }
            ],
            "position_padding_left": 525.0,
            "icon_size": 40.0,
            "icon_set": "kfile://org.kustom.provider/icons/material.ttf",
            "icon_icon": "replay"
          }
        ]
      },
      {
        "internal_type": "OverlapLayerModule",
        "position_offset_y": 225.0,
        "internal_events": [
          {
            "action": "SWITCH_GLOBAL",
            "switch": "climate"
          }
        ],
        "position_anchor": "BOTTOM",
        "position_offset_x": 260.0,
        "viewgroup_items": [
          {
            "internal_type": "FontIconModule",
            "icon_set": "kfile://org.kustom.provider/icons/material.ttf",
            "icon_icon": "chevron-small-down",
            "paint_color": "#FF2A2A2A",
            "icon_size": 60.0,
            "internal_toggles": {
              "icon_icon": 10
            },
            "internal_formulas": {
              "icon_icon": "$if(gv(climate) \u003d 1, Keyboard_arrow_down, Keyboard_arrow_up)$"
            }
          }
        ]
      }
    ]
  }
}