{
  "preset_info": {
    "version": 10,
    "title": "arca_black_white",
    "description": "arca black white",
    "author": "edwin macalopu",
    "email": "khiwendz@gmail.com",
    "width": 492,
    "height": 533,
    "xscreens": 4,
    "features": "",
    "release": 320626309,
    "locked": false
  },
  "preset_root": {
    "internal_events": [
      {
        "action": "KUSTOM_ACTION"
      }
    ],
    "internal_type": "RootLayerModule",
    "globals_list": {
      "arca": {
        "index": 1,
        "type": "SWITCH",
        "title": "arca",
        "value": 0
      }
    },
    "viewgroup_items": [
      {
        "internal_type": "OverlapLayerModule",
        "internal_events": [
          {
            "action": "SWITCH_GLOBAL",
            "switch": "arca"
          }
        ],
        "internal_title": "White Group",
        "internal_toggles": {
          "config_visible": 10
        },
        "internal_formulas": {
          "config_visible": "$if(gv(arca) \u003d 1, ALWAYS,NEVER)$"
        },
        "viewgroup_items": [
          {
            "internal_type": "ShapeModule",
            "shape_type": "CIRCLE",
            "shape_width": 310.0,
            "paint_color": "#FFF5F4F7",
            "fx_shadow": "OUTER",
            "fx_shadow_color": "#27000000",
            "fx_shadow_direction": 330.0,
            "fx_shadow_distance": 1.0,
            "fx_shadow_blur": 30.0
          },
          {
            "internal_type": "ShapeModule",
            "shape_type": "CIRCLE",
            "shape_width": 270.0,
            "paint_color": "#FF28BAFD",
            "paint_style": "STROKE",
            "paint_stroke": 9.0,
            "fx_shadow_direction": 0,
            "fx_shadow_blur": 1,
            "fx_gradient": "VERTICAL",
            "fx_gradient_color": "#FF1C99E1",
            "fx_gradient_width": 36
          },
          {
            "internal_type": "TextModule",
            "text_size": 80.0,
            "paint_color": "#FF27BAFD",
            "fx_gradient": "VERTICAL",
            "fx_gradient_color": "#FF1B99E1",
            "fx_gradient_width": 36.0,
            "fx_gradient_offset": 50.0
          }
        ]
      },
      {
        "internal_type": "OverlapLayerModule",
        "internal_toggles": {
          "config_visible": 10
        },
        "internal_formulas": {
          "config_visible": "$if(gv(arca) \u003d 0, ALWAYS,NEVER)$"
        },
        "internal_title": "Dark Group",
        "internal_events": [
          {
            "action": "SWITCH_GLOBAL",
            "switch": "arca"
          }
        ],
        "viewgroup_items": [
          {
            "internal_type": "ShapeModule",
            "shape_type": "CIRCLE",
            "shape_width": 310.0,
            "paint_color": "#FF3F3642"
          },
          {
            "internal_type": "ShapeModule",
            "shape_type": "CIRCLE",
            "shape_width": 270.0,
            "paint_color": "#FF28BAFD",
            "paint_style": "STROKE",
            "paint_stroke": 9.0,
            "fx_shadow_direction": 0,
            "fx_shadow_blur": 1,
            "fx_gradient": "VERTICAL",
            "fx_gradient_color": "#FF1C99E1",
            "fx_gradient_width": 36
          },
          {
            "internal_type": "TextModule",
            "text_size": 80.0,
            "paint_color": "#FF27BAFD",
            "fx_gradient": "VERTICAL",
            "fx_gradient_color": "#FF1B99E1",
            "fx_gradient_width": 36.0,
            "fx_gradient_offset": 50.0
          }
        ]
      }
    ]
  }
}