{
  "preset_info": {
    "version": 10,
    "title": "mount_black_while",
    "description": "mount while black",
    "author": "edwin macalopu",
    "email": "khiwendz@gmail.com",
    "width": 762,
    "height": 533,
    "xscreens": 4,
    "features": "",
    "release": 320626309,
    "locked": false
  },
  "preset_root": {
    "internal_events": [
      {
        "action": "DISABLED"
      }
    ],
    "internal_type": "RootLayerModule",
    "globals_list": {
      "moun": {
        "index": 1,
        "type": "SWITCH",
        "title": "moun"
      }
    },
    "viewgroup_items": [
      {
        "internal_type": "OverlapLayerModule",
        "position_offset_y": -15.0,
        "internal_events": [
          {
            "action": "SWITCH_GLOBAL",
            "switch": "moun"
          }
        ],
        "viewgroup_items": [
          {
            "internal_type": "ShapeModule",
            "shape_type": "CIRCLE",
            "shape_width": 320.0
          },
          {
            "internal_type": "TextModule",
            "position_padding_right": 0.0,
            "position_padding_top": 0.0,
            "position_padding_bottom": 75.0,
            "text_expression": "5",
            "text_size": 200.0,
            "text_family": "kfile://org.kustom.provider/fonts/Mountain.ttf",
            "paint_color": "#FF292929"
          },
          {
            "internal_type": "TextModule",
            "position_padding_left": 0.0,
            "position_padding_right": 40.0,
            "position_padding_top": 75.0,
            "text_expression": "$df(EEE)$",
            "text_size": 60.0,
            "text_family": "kfile://org.kustom.provider/fonts/900de9151af06323d1e8b1f9d1240eb9.otf",
            "paint_color": "#FF232323"
          },
          {
            "internal_type": "TextModule",
            "position_padding_left": 0.0,
            "position_padding_right": 125.0,
            "position_padding_top": 0.0,
            "text_expression": "$df(dd)$",
            "text_size": 40.0,
            "text_family": "kfile://org.kustom.provider/fonts/AMSTN___.TTF",
            "paint_color": "#FF232323",
            "position_padding_bottom": 150.0
          },
          {
            "internal_type": "TextModule",
            "position_padding_right": 0.0,
            "position_padding_top": 275.0,
            "position_padding_bottom": 0.0,
            "text_expression": "g",
            "text_size": 260.0,
            "text_family": "kfile://org.kustom.provider/fonts/KGFlavorAndFramesFive.ttf",
            "paint_color": "#FF303030"
          }
        ]
      },
      {
        "internal_type": "OverlapLayerModule",
        "position_offset_y": -15.0,
        "internal_toggles": {
          "config_visible": 10
        },
        "internal_formulas": {
          "config_visible": "$if(gv(moun) \u003d 0, ALWAYS, NEVER)$"
        },
        "viewgroup_items": [
          {
            "internal_type": "ShapeModule",
            "shape_type": "CIRCLE",
            "shape_width": 320.0,
            "paint_color": "#FF1A1A1A"
          },
          {
            "internal_type": "TextModule",
            "position_padding_right": 0.0,
            "position_padding_top": 0.0,
            "position_padding_bottom": 75.0,
            "text_expression": "5",
            "text_size": 200.0,
            "text_family": "kfile://org.kustom.provider/fonts/Mountain.ttf"
          },
          {
            "internal_type": "TextModule",
            "position_padding_left": 0.0,
            "position_padding_right": 40.0,
            "position_padding_top": 75.0,
            "text_expression": "$df(EEE)$",
            "text_size": 60.0,
            "text_family": "kfile://org.kustom.provider/fonts/900de9151af06323d1e8b1f9d1240eb9.otf"
          },
          {
            "internal_type": "TextModule",
            "position_padding_left": 0.0,
            "position_padding_right": 125.0,
            "position_padding_top": 0.0,
            "text_expression": "$df(dd)$",
            "text_size": 40.0,
            "text_family": "kfile://org.kustom.provider/fonts/AMSTN___.TTF",
            "position_padding_bottom": 150.0
          },
          {
            "internal_type": "TextModule",
            "position_padding_right": 0.0,
            "position_padding_top": 275.0,
            "position_padding_bottom": 0.0,
            "text_expression": "g",
            "text_size": 260.0,
            "text_family": "kfile://org.kustom.provider/fonts/KGFlavorAndFramesFive.ttf",
            "paint_color": "#FFFBFBFB"
          }
        ]
      }
    ]
  }
}