{
  "preset_info": {
    "version": 10,
    "title": "plant_date",
    "description": "plant date clock green red",
    "author": "edwin macalopu",
    "email": "khiwendz@gmail.com",
    "width": 762,
    "height": 533,
    "xscreens": 4,
    "features": "",
    "release": 320626309,
    "locked": false
  },
  "preset_root": {
    "internal_events": [
      {
        "action": "DISABLED"
      }
    ],
    "internal_type": "RootLayerModule",
    "internal_toggles": {
      "kustom_action": 0
    },
    "globals_list": {
      "shoe": {
        "index": 1,
        "type": "SWITCH",
        "title": "shoe"
      }
    },
    "viewgroup_items": [
      {
        "internal_type": "OverlapLayerModule",
        "internal_events": [
          {
            "action": "SWITCH_GLOBAL",
            "switch": "shoe"
          }
        ],
        "position_offset_x": 0.0,
        "position_offset_y": 0.0,
        "viewgroup_items": [
          {
            "internal_type": "ShapeModule",
            "position_padding_bottom": 75.0,
            "shape_type": "EXAGON",
            "shape_width": 260.0
          },
          {
            "internal_type": "TextModule",
            "position_padding_right": 0.0,
            "position_padding_bottom": 75.0,
            "text_expression": "$tc(up,df(EEE))$",
            "text_size": 60.0,
            "text_family": "kfile://org.kustom.provider/fonts/Kontanter-Bold.otf",
            "paint_color": "#FF414141"
          },
          {
            "internal_type": "TextModule",
            "position_padding_right": 0.0,
            "position_padding_top": 275.0,
            "position_padding_bottom": 0.0,
            "text_expression": "$df(d MMM yyyy)$",
            "text_size": 50.0,
            "text_family": "kfile://org.kustom.provider/fonts/Kraftstoff-Regular.otf"
          },
          {
            "internal_type": "TextModule",
            "text_expression": "e",
            "text_size": 340.0,
            "text_family": "kfile://org.kustom.provider/fonts/Frosted-Illustrations.otf",
            "paint_color": "#FF00E676"
          }
        ]
      },
      {
        "internal_type": "OverlapLayerModule",
        "position_offset_x": 0.0,
        "position_offset_y": 0.0,
        "internal_toggles": {
          "config_visible": 10
        },
        "internal_formulas": {
          "config_visible": "$if(gv(shoe) \u003d 0, ALWAYS, NEVER)$"
        },
        "viewgroup_items": [
          {
            "internal_type": "ShapeModule",
            "position_padding_bottom": 75.0,
            "shape_type": "EXAGON",
            "shape_width": 260.0
          },
          {
            "internal_type": "TextModule",
            "position_padding_right": 0.0,
            "position_padding_bottom": 75.0,
            "text_expression": "$tc(up,df(h:mm))$",
            "text_size": 55.0,
            "text_family": "kfile://org.kustom.provider/fonts/Kontanter-Bold.otf",
            "paint_color": "#FF414141"
          },
          {
            "internal_type": "TextModule",
            "position_padding_right": 0.0,
            "position_padding_top": 275.0,
            "position_padding_bottom": 0.0,
            "text_expression": "$df(d MMM yyyy)$",
            "text_size": 50.0,
            "text_family": "kfile://org.kustom.provider/fonts/Kraftstoff-Regular.otf"
          },
          {
            "internal_type": "TextModule",
            "text_expression": "e",
            "text_size": 340.0,
            "text_family": "kfile://org.kustom.provider/fonts/Frosted-Illustrations.otf",
            "paint_color": "#FFFF1744"
          }
        ]
      }
    ]
  }
}