{
  "preset_info": {
    "version": 10,
    "title": "clock_google2",
    "description": "clock Google weather",
    "author": "edwin macalopu",
    "email": "khiwendz@gmail.com",
    "width": 762,
    "height": 679,
    "xscreens": 4,
    "features": "WEATHER",
    "release": 320626309,
    "locked": false
  },
  "preset_root": {
    "internal_events": [
      {
        "action": "DISABLED"
      }
    ],
    "internal_type": "RootLayerModule",
    "globals_list": {
      "gooe": {
        "index": 1,
        "type": "SWITCH",
        "title": "gooe",
        "value": 1
      }
    },
    "viewgroup_items": [
      {
        "internal_type": "OverlapLayerModule",
        "internal_toggles": {
          "config_visible": 10
        },
        "internal_formulas": {
          "config_visible": "$if(gv(gooe) \u003d 1, ALWAYS, NEVER)$"
        },
        "internal_events": [
          {
            "action": "SWITCH_GLOBAL",
            "switch": "gooe"
          }
        ],
        "viewgroup_items": [
          {
            "internal_type": "ShapeModule",
            "shape_type": "RECT",
            "shape_width": 460.0,
            "shape_height": 280.0
          },
          {
            "internal_type": "ShapeModule",
            "shape_type": "RECT",
            "shape_width": 460.0,
            "shape_height": 140.0,
            "position_padding_right": 0.0,
            "position_padding_top": 0.0,
            "position_padding_bottom": 145.0,
            "paint_color": "#FFF5F5F5"
          },
          {
            "internal_type": "TextModule",
            "text_expression": "$df(h:mm)$",
            "text_size": 160.0,
            "text_family": "kfile://org.kustom.provider/fonts/whiterabbit.ttf",
            "fx_gradient": "VERTICAL",
            "fx_gradient_color": "#FF3F51B5",
            "fx_gradient_width": 1.0,
            "fx_gradient_offset": 48,
            "paint_color": "#FFE91E63",
            "paint_style": "STROKE",
            "paint_stroke": 3.0,
            "fx_shadow": "OUTER",
            "fx_shadow_color": "#38000000",
            "fx_shadow_direction": 359,
            "fx_shadow_distance": 1.0,
            "fx_shadow_blur": 45
          }
        ]
      },
      {
        "internal_type": "OverlapLayerModule",
        "internal_toggles": {
          "config_visible": 10
        },
        "internal_formulas": {
          "config_visible": "$if(gv(gooe) \u003d 0, ALWAYS, NEVER)$"
        },
        "internal_events": [
          {
            "action": "SWITCH_GLOBAL",
            "switch": "gooe"
          }
        ],
        "viewgroup_items": [
          {
            "internal_type": "ShapeModule",
            "shape_type": "RECT",
            "shape_width": 460.0,
            "shape_height": 280.0
          },
          {
            "internal_type": "ShapeModule",
            "shape_type": "RECT",
            "shape_width": 460.0,
            "shape_height": 140.0,
            "position_padding_right": 0.0,
            "position_padding_top": 0.0,
            "position_padding_bottom": 145.0,
            "paint_color": "#FFF5F5F5"
          },
          {
            "internal_type": "TextModule",
            "text_expression": "$wi(temp)$°",
            "text_size": 160.0,
            "text_family": "kfile://org.kustom.provider/fonts/whiterabbit.ttf",
            "fx_gradient": "VERTICAL",
            "fx_gradient_color": "#FF2196F3",
            "fx_gradient_width": 1,
            "fx_gradient_offset": 48,
            "paint_color": "#FFF44336",
            "fx_shadow": "OUTER",
            "fx_shadow_color": "#38000000",
            "fx_shadow_direction": 359,
            "fx_shadow_distance": 1.0,
            "fx_shadow_blur": 45,
            "position_padding_right": 150.0,
            "paint_style": "STROKE",
            "paint_stroke": 3.0
          },
          {
            "internal_type": "KomponentModule",
            "internal_title": "Cumulus outline",
            "config_scale_value": 175.0,
            "globals_list": {
              "icon": {
                "index": 1,
                "type": "LIST",
                "title": "icon",
                "entries": "\"$wi(icon)$\"##Current,\"$wf(icon, 0)$\"##Today Forecast,\"$wf(icon, 1)$\"##Tomorrow Forecast,\"$wf(icon, 2)$\"##2 Days Forecast,\"$wf(icon, 3)$\"##3 Days Forecast,\"$wf(icon, 4)$\"##4 Days Forecast,\"$wf(icon, 5)$\"##5 Days Forecast,\"$wf(icon, 6)$\"##6 Days Forecast,\"$wf(icon, 7)$\"##7 Days Forecast,\"$wf(icon, 8)$\"##8 Days Forecast,\"$wf(icon, 9)$\"##9 Days Forecast",
                "value": "$wi(icon)$"
              },
              "nightico": {
                "index": 2,
                "type": "SWITCH",
                "title": "Nightico",
                "value": 1
              },
              "size": {
                "index": 3,
                "type": "NUMBER",
                "title": "Size",
                "min": 10,
                "max": 720,
                "value": 100.0
              },
              "color": {
                "index": 4,
                "type": "COLOR",
                "title": "Color",
                "value": "#FFF44336"
              }
            },
            "internal_description": "Font Weather",
            "internal_author_email": "surajhodi@gmail.com",
            "internal_author_name": "Yannick",
            "position_offset_x": 0.0,
            "position_offset_y": -260.0,
            "position_padding_left": 200.0,
            "position_padding_right": 0.0,
            "position_padding_top": 0.0,
            "position_padding_bottom": 25.0,
            "viewgroup_items": [
              {
                "internal_type": "CurvedTextModule",
                "text_family": "kfile://org.kustom.provider/fonts/cumul1us.ttf",
                "internal_toggles": {
                  "text_size": 10,
                  "paint_color": 100
                },
                "internal_formulas": {
                  "text_size": "$gv(Size)$"
                },
                "position_padding_left": 0.0,
                "position_padding_top": 0.0,
                "text_expression": "$if(gv(icon) \u003d CLEAR, if(ai(isday), f, 7))$$if(gv(icon) \u003d MCLOUDY, if(ai(isday), v, v))$$if(gv(icon) \u003d PCLOUDY, if(ai(isday), L, K))$$if(gv(icon) \u003d WINDY, if(ai(isday),o, o))$$if(gv(icon) \u003d FOG, if(ai(isday), Z, Z))$$if(gv(icon) \u003d HAIL, if(ai(isday),g, m))$$if(gv(icon) \u003d SNOW, if(ai(isday),T, O))$$if(gv(icon) \u003d LSNOW, if(ai(isday),T, O))$$if(gv(icon) \u003d SLEET, if(ai(isday),N, I))$$if(gv(icon) \u003d RAIN, if(ai(isday), a, x))$$if(gv(icon) \u003d SHOWER, if(ai(isday),N, I))$$if(gv(icon) \u003d TSHOWER, if(ai(isday), N, I))$$if(gv(icon) \u003d TSTORM, if(ai(isday), W, t))$$if(gv(icon) \u003d TORNADO, if(ai(isday),l, l))$$if(gv(icon) \u003d UNKNOWN, C)$",
                "text_size": 100.0,
                "internal_globals": {
                  "paint_color": "color"
                },
                "paint_style": "STROKE",
                "paint_stroke": 2.0,
                "fx_gradient": "VERTICAL",
                "fx_gradient_color": "#FF2196F3",
                "fx_gradient_width": 1,
                "fx_gradient_offset": 56
              }
            ]
          }
        ]
      }
    ]
  }
}