{
  "preset_info": {
    "version": 10,
    "title": "weather_music",
    "description": "msica weather date",
    "author": "edwin macalopu",
    "email": "khiwendz@gmail.com",
    "width": 1080,
    "height": 501,
    "xscreens": 4,
    "features": "WEATHER MUSIC",
    "release": 320626309,
    "locked": false
  },
  "preset_root": {
    "internal_events": [
      {
        "action": "DISABLED"
      }
    ],
    "internal_type": "RootLayerModule",
    "globals_list": {
      "mus": {
        "index": 1,
        "type": "SWITCH",
        "title": "mus",
        "value": 0
      }
    },
    "viewgroup_items": [
      {
        "internal_type": "OverlapLayerModule",
        "internal_toggles": {
          "config_visible": 10
        },
        "internal_formulas": {
          "config_visible": "$if(gv(mus) \u003d 1, ALWAYS, NEVER)$"
        },
        "position_offset_x": 0.0,
        "position_offset_y": -80.0,
        "internal_events": [
          {
            "action": "DISABLED"
          }
        ],
        "viewgroup_items": [
          {
            "internal_type": "ShapeModule",
            "shape_type": "RECT",
            "shape_width": 720.0,
            "shape_height": 220.0,
            "internal_events": [
              {
                "action": "NONE"
              }
            ]
          },
          {
            "internal_type": "KomponentModule",
            "internal_title": "Google Now Weather",
            "globals_list": {
              "icon": {
                "index": 1,
                "type": "LIST",
                "title": "Icon",
                "entries": "\"$wi(icon)$\"##Current,\"$wf(icon, 0)$\"##Today Forecast,\"$wf(icon, 1)$\"##Tomorrow Forecast,\"$wf(icon, 2)$\"##2 Days Forecast,\"$wf(icon, 3)$\"##3 Days Forecast,\"$wf(icon, 4)$\"##4 Days Forecast,\"$wf(icon, 5)$\"##5 Days Forecast,\"$wf(icon, 6)$\"##6 Days Forecast,\"$wf(icon, 7)$\"##7 Days Forecast,\"$wf(icon, 8)$\"##8 Days Forecast,\"$wf(icon, 9)$\"##9 Days Forecast",
                "value": "$wi(icon)$"
              },
              "nightico": {
                "index": 2,
                "type": "SWITCH",
                "title": "NightIco",
                "value": 1
              },
              "scale": {
                "index": 3,
                "type": "NUMBER",
                "title": "Scale",
                "min": 20,
                "max": 1000,
                "value": 100
              }
            },
            "internal_locked": "true",
            "position_padding_left": 0.0,
            "position_padding_right": 550.0,
            "position_padding_top": 25.0,
            "position_padding_bottom": 0.0,
            "viewgroup_items": [
              {
                "internal_type": "OverlapLayerModule",
                "internal_title": "Bitmaps",
                "internal_toggles": {
                  "config_scale_value": 100
                },
                "internal_globals": {
                  "config_scale_value": "scale"
                },
                "viewgroup_items": [
                  {
                    "internal_type": "BitmapModule",
                    "internal_title": "Clear Day",
                    "internal_toggles": {
                      "bitmap_alpha": 10
                    },
                    "internal_formulas": {
                      "bitmap_alpha": "$if(gv(icon)\u003dclear \u0026 (ai(isday)\u003d1 | gv(nightico)\u003d0), 100, 0)$"
                    },
                    "bitmap_bitmap": "kfile://org.kustom.provider/bitmaps/clear-day.png"
                  },
                  {
                    "internal_type": "BitmapModule",
                    "internal_title": "Clear Night",
                    "internal_toggles": {
                      "bitmap_alpha": 10
                    },
                    "internal_formulas": {
                      "bitmap_alpha": "$if(gv(icon)\u003dclear \u0026 (ai(isday)\u003d0 \u0026 gv(nightico)\u003d1), 100, 0)$"
                    },
                    "bitmap_bitmap": "kfile://org.kustom.provider/bitmaps/clear-night.png"
                  },
                  {
                    "internal_type": "BitmapModule",
                    "internal_title": "Fog Day",
                    "internal_toggles": {
                      "bitmap_alpha": 10
                    },
                    "internal_formulas": {
                      "bitmap_alpha": "$if(gv(icon)\u003dfog \u0026 (ai(isday)\u003d1 | gv(nightico)\u003d0), 100, 0)$"
                    },
                    "bitmap_bitmap": "kfile://org.kustom.provider/bitmaps/fog-day.png"
                  },
                  {
                    "internal_type": "BitmapModule",
                    "internal_title": "Fog Night",
                    "internal_toggles": {
                      "bitmap_alpha": 10
                    },
                    "internal_formulas": {
                      "bitmap_alpha": "$if(gv(icon)\u003dfog \u0026 (ai(isday)\u003d0 \u0026 gv(nightico)\u003d1), 100, 0)$"
                    },
                    "bitmap_bitmap": "kfile://org.kustom.provider/bitmaps/fog-night.png"
                  },
                  {
                    "internal_type": "BitmapModule",
                    "internal_title": "Hail Day",
                    "internal_toggles": {
                      "bitmap_alpha": 10
                    },
                    "internal_formulas": {
                      "bitmap_alpha": "$if(gv(icon)\u003dhail \u0026 (ai(isday)\u003d1 | gv(nightico)\u003d0), 100, 0)$"
                    },
                    "bitmap_bitmap": "kfile://org.kustom.provider/bitmaps/hail-day.png"
                  },
                  {
                    "internal_type": "BitmapModule",
                    "internal_title": "Hail Night",
                    "internal_toggles": {
                      "bitmap_alpha": 10
                    },
                    "internal_formulas": {
                      "bitmap_alpha": "$if(gv(icon)\u003dhail \u0026 (ai(isday)\u003d0 \u0026 gv(nightico)\u003d1), 100, 0)$"
                    },
                    "bitmap_bitmap": "kfile://org.kustom.provider/bitmaps/hail-night.png"
                  },
                  {
                    "internal_type": "BitmapModule",
                    "internal_title": "Light Snow Day",
                    "internal_toggles": {
                      "bitmap_alpha": 10
                    },
                    "internal_formulas": {
                      "bitmap_alpha": "$if(gv(icon)\u003dlsnow \u0026 (ai(isday)\u003d1 | gv(nightico)\u003d0), 100, 0)$"
                    },
                    "bitmap_bitmap": "kfile://org.kustom.provider/bitmaps/lsnow-day.png"
                  },
                  {
                    "internal_type": "BitmapModule",
                    "internal_title": "Light Snow Night",
                    "internal_toggles": {
                      "bitmap_alpha": 10
                    },
                    "internal_formulas": {
                      "bitmap_alpha": "$if(gv(icon)\u003dlsnow \u0026 (ai(isday)\u003d0 \u0026 gv(nightico)\u003d1), 100, 0)$"
                    },
                    "bitmap_bitmap": "kfile://org.kustom.provider/bitmaps/lsnow-night.png"
                  },
                  {
                    "internal_type": "BitmapModule",
                    "internal_title": "Mostly Cloudy",
                    "internal_toggles": {
                      "bitmap_alpha": 10
                    },
                    "internal_formulas": {
                      "bitmap_alpha": "$if(gv(icon)\u003dmcloudy, 100, 0)$"
                    },
                    "bitmap_bitmap": "kfile://org.kustom.provider/bitmaps/mcloudy.png"
                  },
                  {
                    "internal_type": "BitmapModule",
                    "internal_title": "Partly Cloudy Day",
                    "internal_toggles": {
                      "bitmap_alpha": 10
                    },
                    "internal_formulas": {
                      "bitmap_alpha": "$if(gv(icon)\u003dpcloudy \u0026 (ai(isday)\u003d1 | gv(nightico)\u003d0), 100, 0)$"
                    },
                    "bitmap_bitmap": "kfile://org.kustom.provider/bitmaps/pcloudy-day.png"
                  },
                  {
                    "internal_type": "BitmapModule",
                    "internal_title": "Partly Cloudy Night",
                    "internal_toggles": {
                      "bitmap_alpha": 10
                    },
                    "internal_formulas": {
                      "bitmap_alpha": "$if(gv(icon)\u003dpcloudy \u0026 (ai(isday)\u003d0 \u0026 gv(nightico)\u003d1), 100, 0)$"
                    },
                    "bitmap_bitmap": "kfile://org.kustom.provider/bitmaps/pcloudy-night.png"
                  },
                  {
                    "internal_type": "BitmapModule",
                    "internal_title": "Rain",
                    "internal_toggles": {
                      "bitmap_alpha": 10
                    },
                    "internal_formulas": {
                      "bitmap_alpha": "$if(gv(icon)\u003drain, 100, 0)$"
                    },
                    "bitmap_bitmap": "kfile://org.kustom.provider/bitmaps/rain.png"
                  },
                  {
                    "internal_type": "BitmapModule",
                    "internal_title": "Showers Day",
                    "internal_toggles": {
                      "bitmap_alpha": 10
                    },
                    "internal_formulas": {
                      "bitmap_alpha": "$if(gv(icon)\u003dshower \u0026 (ai(isday)\u003d1 | gv(nightico)\u003d0), 100, 0)$"
                    },
                    "bitmap_bitmap": "kfile://org.kustom.provider/bitmaps/showers-day.png"
                  },
                  {
                    "internal_type": "BitmapModule",
                    "internal_title": "Showers Night",
                    "internal_toggles": {
                      "bitmap_alpha": 10
                    },
                    "internal_formulas": {
                      "bitmap_alpha": "$if(gv(icon)\u003dshower \u0026 (ai(isday)\u003d0 \u0026 gv(nightico)\u003d1), 100, 0)$"
                    },
                    "bitmap_bitmap": "kfile://org.kustom.provider/bitmaps/showers-night.png"
                  },
                  {
                    "internal_type": "BitmapModule",
                    "internal_title": "Sleet Day",
                    "internal_toggles": {
                      "bitmap_alpha": 10
                    },
                    "internal_formulas": {
                      "bitmap_alpha": "$if(gv(icon)\u003dsleet \u0026 (ai(isday)\u003d1 | gv(nightico)\u003d0), 100, 0)$"
                    },
                    "bitmap_bitmap": "kfile://org.kustom.provider/bitmaps/sleet-day.png"
                  },
                  {
                    "internal_type": "BitmapModule",
                    "internal_title": "Sleet Night",
                    "internal_toggles": {
                      "bitmap_alpha": 10
                    },
                    "internal_formulas": {
                      "bitmap_alpha": "$if(gv(icon)\u003dsleet \u0026 (ai(isday)\u003d0 \u0026 gv(nightico)\u003d1), 100, 0)$"
                    },
                    "bitmap_bitmap": "kfile://org.kustom.provider/bitmaps/sleet-night.png"
                  },
                  {
                    "internal_type": "BitmapModule",
                    "internal_title": "Snow Day",
                    "internal_toggles": {
                      "bitmap_alpha": 10
                    },
                    "internal_formulas": {
                      "bitmap_alpha": "$if(gv(icon)\u003dsnow \u0026 (ai(isday)\u003d1 | gv(nightico)\u003d0), 100, 0)$"
                    },
                    "bitmap_bitmap": "kfile://org.kustom.provider/bitmaps/snow-day.png"
                  },
                  {
                    "internal_type": "BitmapModule",
                    "internal_title": "Snow Night",
                    "internal_toggles": {
                      "bitmap_alpha": 10
                    },
                    "internal_formulas": {
                      "bitmap_alpha": "$if(gv(icon)\u003dsnow \u0026 (ai(isday)\u003d0 \u0026 gv(nightico)\u003d1), 100, 0)$"
                    },
                    "bitmap_bitmap": "kfile://org.kustom.provider/bitmaps/snow-night.png"
                  },
                  {
                    "internal_type": "BitmapModule",
                    "internal_title": "Tornado",
                    "internal_toggles": {
                      "bitmap_alpha": 10
                    },
                    "internal_formulas": {
                      "bitmap_alpha": "$if(gv(icon)\u003dtornado, 100, 0)$"
                    },
                    "bitmap_bitmap": "kfile://org.kustom.provider/bitmaps/tornado.png"
                  },
                  {
                    "internal_type": "BitmapModule",
                    "internal_title": "Thunder Shower Day",
                    "internal_toggles": {
                      "bitmap_alpha": 10
                    },
                    "internal_formulas": {
                      "bitmap_alpha": "$if(gv(icon)\u003dtshower \u0026 (ai(isday)\u003d1 | gv(nightico)\u003d0), 100, 0)$"
                    },
                    "bitmap_bitmap": "kfile://org.kustom.provider/bitmaps/tshower-day.png"
                  },
                  {
                    "internal_type": "BitmapModule",
                    "internal_title": "Thunder Shower Night",
                    "internal_toggles": {
                      "bitmap_alpha": 10
                    },
                    "internal_formulas": {
                      "bitmap_alpha": "$if(gv(icon)\u003dtshower \u0026 (ai(isday)\u003d0 \u0026 gv(nightico)\u003d1), 100, 0)$"
                    },
                    "bitmap_bitmap": "kfile://org.kustom.provider/bitmaps/tshower-night.png"
                  },
                  {
                    "internal_type": "BitmapModule",
                    "internal_title": "Thunderstorm",
                    "internal_toggles": {
                      "bitmap_alpha": 10
                    },
                    "internal_formulas": {
                      "bitmap_alpha": "$if(gv(icon)\u003dtstorm, 100, 0)$"
                    },
                    "bitmap_bitmap": "kfile://org.kustom.provider/bitmaps/thunderstorm.png"
                  },
                  {
                    "internal_type": "BitmapModule",
                    "internal_title": "Unknown",
                    "internal_toggles": {
                      "bitmap_alpha": 10
                    },
                    "internal_formulas": {
                      "bitmap_alpha": "$if(gv(icon)\u003dunknown, 100, 0)$"
                    },
                    "bitmap_bitmap": "kfile://org.kustom.provider/bitmaps/haha-idk.png"
                  },
                  {
                    "internal_type": "BitmapModule",
                    "internal_title": "Windy Day",
                    "internal_toggles": {
                      "bitmap_alpha": 10
                    },
                    "internal_formulas": {
                      "bitmap_alpha": "$if(gv(icon)\u003dwindy \u0026 (ai(isday)\u003d1 | gv(nightico)\u003d0), 100, 0)$"
                    },
                    "bitmap_bitmap": "kfile://org.kustom.provider/bitmaps/windy-day.png"
                  },
                  {
                    "internal_type": "BitmapModule",
                    "internal_title": "Windy Night",
                    "internal_toggles": {
                      "bitmap_alpha": 10
                    },
                    "internal_formulas": {
                      "bitmap_alpha": "$if(gv(icon)\u003dwindy \u0026 (ai(isday)\u003d0 \u0026 gv(nightico)\u003d1), 100, 0)$"
                    },
                    "bitmap_bitmap": "kfile://org.kustom.provider/bitmaps/windy-night.png"
                  }
                ]
              }
            ]
          },
          {
            "internal_type": "TextModule",
            "position_padding_left": 0.0,
            "position_padding_right": 275.0,
            "position_padding_top": 50.0,
            "text_expression": "$wi(temp)$°$wi(tempu)$",
            "text_size": 40.0,
            "text_family": "kfile://org.kustom.provider/fonts/Google.ttf",
            "paint_color": "#FF525252"
          },
          {
            "internal_type": "TextModule",
            "position_padding_left": 0.0,
            "position_padding_right": 200.0,
            "text_expression": "$df(d MMM yyyy)$",
            "text_size": 26.0,
            "paint_color": "#FF525252",
            "position_padding_bottom": 75.0,
            "text_family": "kfile://org.kustom.provider/fonts/Google.ttf"
          },
          {
            "internal_type": "TextModule",
            "position_padding_left": 0.0,
            "position_padding_right": 300.0,
            "text_expression": "$df(h:mm)$",
            "text_size": 26.0,
            "paint_color": "#FF525252",
            "position_padding_bottom": 0.0,
            "text_family": "kfile://org.kustom.provider/fonts/Google.ttf",
            "position_padding_top": 150.0
          }
        ]
      },
      {
        "internal_type": "OverlapLayerModule",
        "position_offset_x": 0.0,
        "position_offset_y": -80.0,
        "internal_toggles": {
          "config_visible": 10
        },
        "internal_formulas": {
          "config_visible": "$if(gv(mus) \u003d 0, ALWAYS, NEVER)$"
        },
        "viewgroup_items": [
          {
            "internal_type": "ShapeModule",
            "shape_type": "RECT",
            "shape_width": 720.0,
            "shape_height": 220.0,
            "internal_events": [
              {
                "action": "DISABLED"
              }
            ]
          },
          {
            "internal_type": "ShapeModule",
            "internal_toggles": {
              "fx_gradient_bitmap": 10
            },
            "internal_formulas": {
              "fx_gradient_bitmap": "$mi(cover)$"
            },
            "position_padding_left": 0.0,
            "position_padding_right": 525.0,
            "position_padding_top": 25.0,
            "shape_width": 120.0,
            "paint_color": "#FF3C3B3B",
            "fx_gradient": "BITMAP",
            "internal_events": [
              {
                "action": "DISABLED"
              }
            ]
          },
          {
            "internal_type": "TextModule",
            "position_padding_left": 0.0,
            "position_padding_right": 0.0,
            "position_padding_top": 0.0,
            "text_expression": "$mi(title)$",
            "text_size": 15.0,
            "text_family": "kfile://org.kustom.provider/fonts/Google.ttf",
            "paint_color": "#FF525252",
            "internal_events": [
              {
                "action": "DISABLED"
              }
            ]
          },
          {
            "internal_type": "TextModule",
            "position_padding_left": 0.0,
            "position_padding_right": 0.0,
            "text_expression": "$mi(artist)$",
            "text_size": 26.0,
            "paint_color": "#FF525252",
            "position_padding_bottom": 75.0,
            "text_family": "kfile://org.kustom.provider/fonts/Google.ttf",
            "internal_events": [
              {
                "action": "DISABLED"
              }
            ]
          },
          {
            "internal_type": "FontIconModule",
            "internal_events": [
              {
                "action": "MUSIC",
                "music_action": "PREVIOUS"
              }
            ],
            "position_padding_right": 175.0,
            "position_padding_top": 100.0,
            "icon_size": 60.0,
            "icon_set": "kfile://org.kustom.provider/icons/material.ttf",
            "icon_icon": "fast_rewind",
            "paint_color": "#FF444444"
          },
          {
            "internal_type": "FontIconModule",
            "position_padding_right": 0.0,
            "position_padding_top": 100.0,
            "icon_size": 60.0,
            "icon_set": "kfile://org.kustom.provider/icons/material.ttf",
            "icon_icon": "fast_forward",
            "paint_color": "#FF444444",
            "internal_events": [
              {
                "action": "MUSIC",
                "music_action": "NEXT"
              }
            ],
            "position_padding_left": 175.0,
            "position_padding_bottom": 0.0
          },
          {
            "internal_type": "FontIconModule",
            "position_padding_right": 0.0,
            "position_padding_top": 100.0,
            "icon_size": 60.0,
            "icon_set": "kfile://org.kustom.provider/icons/material.ttf",
            "icon_icon": "play_arrow",
            "paint_color": "#FF444444",
            "internal_events": [
              {
                "action": "MUSIC",
                "music_action": "PLAY_PAUSE"
              }
            ],
            "position_padding_left": 0.0,
            "position_padding_bottom": 0.0,
            "internal_toggles": {
              "icon_icon": 10
            },
            "internal_formulas": {
              "icon_icon": "$if(mi(state)\u003dplaying, pause,play_arrow)$"
            }
          }
        ]
      },
      {
        "internal_type": "OverlapLayerModule",
        "position_offset_y": -80.0,
        "viewgroup_items": [
          {
            "internal_type": "ShapeModule",
            "position_padding_left": 450.0,
            "position_padding_right": 0.0,
            "position_padding_top": 225.0,
            "position_padding_bottom": 0.0,
            "shape_type": "CIRCLE",
            "shape_width": 120.0,
            "paint_color": "#FF00E676",
            "fx_shadow": "OUTER",
            "fx_shadow_color": "#30000000",
            "fx_shadow_direction": 290,
            "fx_shadow_distance": 2.0,
            "fx_shadow_blur": 20,
            "internal_toggles": {
              "paint_color": 10
            },
            "internal_formulas": {
              "paint_color": "$if(gv(mus) \u003d 0, #FF00E676,#Ff2979ff)$"
            },
            "internal_events": [
              {
                "action": "SWITCH_GLOBAL",
                "switch": "mus"
              }
            ]
          },
          {
            "internal_type": "FontIconModule",
            "position_padding_left": 450.0,
            "position_padding_right": 0.0,
            "position_padding_top": 225.0,
            "position_padding_bottom": 0.0,
            "icon_size": 57.0,
            "icon_set": "kfile://org.kustom.provider/icons/material.ttf",
            "icon_icon": "music_note",
            "paint_color": "#FF02AB48",
            "internal_toggles": {
              "icon_icon": 10,
              "paint_color": 10
            },
            "internal_formulas": {
              "icon_icon": "$if(gv(mus) \u003d 0, filter_drama, music_note)$",
              "paint_color": "$if(gv(mus) \u003d 0,#FF02AB48,#FF0d47a1)$"
            },
            "internal_events": [
              {
                "action": "SWITCH_GLOBAL",
                "switch": "mus"
              }
            ]
          }
        ]
      }
    ]
  }
}