{
  "preset_info": {
    "version": 10,
    "title": "xmusic",
    "description": "xmusic",
    "author": "edwin macalopu",
    "email": "khiwendz@gmail.com",
    "width": 762,
    "height": 534,
    "xscreens": 4,
    "features": "MUSIC",
    "release": 320626309,
    "locked": false
  },
  "preset_root": {
    "internal_events": [
      {
        "action": "KUSTOM_ACTION"
      }
    ],
    "internal_type": "RootLayerModule",
    "globals_list": {
      "music": {
        "index": 1,
        "type": "SWITCH",
        "title": "music",
        "value": 0
      }
    },
    "viewgroup_items": [
      {
        "internal_type": "OverlapLayerModule",
        "internal_events": [
          {
            "action": "SWITCH_GLOBAL",
            "switch": "music"
          }
        ],
        "position_offset_y": -20.0,
        "viewgroup_items": [
          {
            "internal_type": "ShapeModule",
            "shape_type": "RECT",
            "shape_width": 400.0,
            "shape_height": 280.0
          },
          {
            "internal_type": "FontIconModule",
            "internal_toggles": {
              "fx_gradient_bitmap": 10
            },
            "internal_formulas": {
              "fx_gradient_bitmap": "$mi(cover)$"
            },
            "position_padding_top": 0.0,
            "position_padding_bottom": 0.0,
            "icon_size": 280.0,
            "icon_icon": "close",
            "paint_color": "#FF363636",
            "fx_gradient": "BITMAP",
            "fx_gradient_bitmap": "kfile://org.kustom.provider/bitmaps/IMG71d8b4d2b2641591b811b61071a1b347"
          },
          {
            "internal_type": "ShapeModule",
            "position_padding_left": 325.0,
            "position_padding_right": 0.0,
            "position_padding_top": 225.0,
            "shape_type": "CIRCLE",
            "shape_width": 135.0,
            "paint_color": "#FF272727",
            "internal_events": [
              {
                "action": "DISABLED"
              }
            ]
          },
          {
            "internal_type": "FontIconModule",
            "internal_events": [
              {
                "action": "MUSIC"
              }
            ],
            "position_padding_top": 225.0,
            "position_padding_bottom": 0.0,
            "icon_icon": "play_arrow",
            "position_padding_left": 325.0,
            "internal_toggles": {
              "icon_icon": 10
            },
            "internal_formulas": {
              "icon_icon": "$if(mi(state)\u003dplaying, pause,play_arrow)$"
            }
          }
        ]
      },
      {
        "internal_type": "OverlapLayerModule",
        "internal_events": [
          {
            "action": "SWITCH_GLOBAL",
            "switch": "music"
          }
        ],
        "position_offset_y": -20.0,
        "internal_toggles": {
          "config_visible": 10
        },
        "internal_formulas": {
          "config_visible": "$if(gv(music) \u003d 0, ALWAYS, NEVER)$"
        },
        "internal_title": "Play_pause Group",
        "viewgroup_items": [
          {
            "internal_type": "ShapeModule",
            "shape_type": "RECT",
            "shape_width": 400.0,
            "shape_height": 280.0
          },
          {
            "internal_type": "ShapeModule",
            "position_padding_left": 325.0,
            "position_padding_right": 0.0,
            "position_padding_top": 225.0,
            "shape_type": "CIRCLE",
            "shape_width": 135.0,
            "paint_color": "#FF272727",
            "internal_events": [
              {
                "action": "DISABLED"
              }
            ]
          },
          {
            "internal_type": "FontIconModule",
            "internal_events": [
              {
                "action": "MUSIC"
              }
            ],
            "position_padding_top": 225.0,
            "position_padding_bottom": 0.0,
            "icon_icon": "play_arrow",
            "position_padding_left": 325.0,
            "internal_toggles": {
              "icon_icon": 10
            },
            "internal_formulas": {
              "icon_icon": "$if(mi(state)\u003dplaying, pause,play_arrow)$"
            }
          },
          {
            "internal_type": "ShapeModule",
            "internal_toggles": {
              "fx_gradient_bitmap": 10
            },
            "internal_formulas": {
              "fx_gradient_bitmap": "$mi(cover)$"
            },
            "shape_type": "CIRCLE",
            "shape_width": 220.0,
            "fx_gradient": "BITMAP"
          }
        ]
      },
      {
        "internal_type": "OverlapLayerModule",
        "internal_title": "Next- Previus Group",
        "viewgroup_items": [
          {
            "internal_type": "ShapeModule",
            "internal_events": [
              {
                "action": "MUSIC",
                "music_action": "NEXT"
              }
            ],
            "position_padding_left": 475.0,
            "position_padding_bottom": 125.0,
            "shape_type": "RECT",
            "shape_width": 60.0,
            "shape_height": 180.0,
            "paint_color": "#00FFFFFF"
          },
          {
            "internal_type": "ShapeModule",
            "internal_events": [
              {
                "action": "MUSIC",
                "music_action": "PREVIOUS"
              }
            ],
            "position_padding_left": 0.0,
            "position_padding_bottom": 125.0,
            "shape_type": "RECT",
            "shape_width": 60.0,
            "shape_height": 180.0,
            "paint_color": "#00FFFFFF",
            "position_padding_right": 475.0
          }
        ]
      }
    ]
  }
}